STATION,NAME,LATITUDE,LONGITUDE,ELEVATION,DATE,PRCP,TAVG
USW00026411,"FAIRBANKS INTERNATIONAL AIRPORT, AK US",64.80309,-147.87606,131.1,1950-01,50.8,-18.3
USW00026411,"FAIRBANKS INTERNATIONAL AIRPORT, AK US",64.80309,-147.87606,131.1,1950-02,6.4,-30.3
USW00026411,"FAIRBANKS INTERNATIONAL AIRPORT, AK US",64.80309,-147.87606,131.1,1950-03,13.3,-8.1
USW00026411,"FAIRBANKS INTERNATIONAL AIRPORT, AK US",64.80309,-147.87606,131.1,1950-04,0.8,-1.7
USW00026411,"FAIRBANKS INTERNATIONAL AIRPORT, AK US",64.80309,-147.87606,131.1,1950-05,13.3,8.6
USW00026411,"FAIRBANKS INTERNATIONAL AIRPORT, AK US",64.80309,-147.87606,131.1,1950-06,22,14.9
USW00026411,"FAIRBANKS INTERNATIONAL AIRPORT, AK US",64.80309,-147.87606,131.1,1950-07,63.6,16.7
USW00026411,"FAIRBANKS INTERNATIONAL AIRPORT, AK US",64.80309,-147.87606,131.1,1950-08,29.7,14.3
USW00026411,"FAIRBANKS INTERNATIONAL AIRPORT, AK US",64.80309,-147.87606,131.1,1950-09,8,8.2
USW00026411,"FAIRBANKS INTERNATIONAL AIRPORT, AK US",64.80309,-147.87606,131.1,1950-10,13.2,-3.4
USW00026411,"FAIRBANKS INTERNATIONAL AIRPORT, AK US",64.80309,-147.87606,131.1,1950-11,25.2,-21.2
USW00026411,"FAIRBANKS INTERNATIONAL AIRPORT, AK US",64.80309,-147.87606,131.1,1950-12,10,-20.8
USW00026411,"FAIRBANKS INTERNATIONAL AIRPORT, AK US",64.80309,-147.87606,131.1,1951-01,14.6,-30.7
USW00026411,"FAIRBANKS INTERNATIONAL AIRPORT, AK US",64.80309,-147.87606,131.1,1951-02,23.3,-22
USW00026411,"FAIRBANKS INTERNATIONAL AIRPORT, AK US",64.80309,-147.87606,131.1,1951-03,5.7,-18.1
USW00026411,"FAIRBANKS INTERNATIONAL AIRPORT, AK US",64.80309,-147.87606,131.1,1951-04,1,1.3
USW00026411,"FAIRBANKS INTERNATIONAL AIRPORT, AK US",64.80309,-147.87606,131.1,1951-05,11.3,9.6
USW00026411,"FAIRBANKS INTERNATIONAL AIRPORT, AK US",64.80309,-147.87606,131.1,1951-06,31.6,13.9
USW00026411,"FAIRBANKS INTERNATIONAL AIRPORT, AK US",64.80309,-147.87606,131.1,1951-07,45.1,15.7
USW00026411,"FAIRBANKS INTERNATIONAL AIRPORT, AK US",64.80309,-147.87606,131.1,1951-08,49.2,14.4
USW00026411,"FAIRBANKS INTERNATIONAL AIRPORT, AK US",64.80309,-147.87606,131.1,1951-09,18.4,8.3
USW00026411,"FAIRBANKS INTERNATIONAL AIRPORT, AK US",64.80309,-147.87606,131.1,1951-10,11.7,-5.4
USW00026411,"FAIRBANKS INTERNATIONAL AIRPORT, AK US",64.80309,-147.87606,131.1,1951-11,17.4,-11.4
USW00026411,"FAIRBANKS INTERNATIONAL AIRPORT, AK US",64.80309,-147.87606,131.1,1951-12,32.5,-21.9
USW00026411,"FAIRBANKS INTERNATIONAL AIRPORT, AK US",64.80309,-147.87606,131.1,1952-01,21.3,-28.6
USW00026411,"FAIRBANKS INTERNATIONAL AIRPORT, AK US",64.80309,-147.87606,131.1,1952-02,3.7,-19.2
USW00026411,"FAIRBANKS INTERNATIONAL AIRPORT, AK US",64.80309,-147.87606,131.1,1952-03,9.1,-12.8
USW00026411,"FAIRBANKS INTERNATIONAL AIRPORT, AK US",64.80309,-147.87606,131.1,1952-04,4.5,-2.3
USW00026411,"FAIRBANKS INTERNATIONAL AIRPORT, AK US",64.80309,-147.87606,131.1,1952-05,8.4,5.3
USW00026411,"FAIRBANKS INTERNATIONAL AIRPORT, AK US",64.80309,-147.87606,131.1,1952-06,30.7,14.6
USW00026411,"FAIRBANKS INTERNATIONAL AIRPORT, AK US",64.80309,-147.87606,131.1,1952-07,45.6,15.6
USW00026411,"FAIRBANKS INTERNATIONAL AIRPORT, AK US",64.80309,-147.87606,131.1,1952-08,29,12.1
USW00026411,"FAIRBANKS INTERNATIONAL AIRPORT, AK US",64.80309,-147.87606,131.1,1952-09,43.9,5.9
USW00026411,"FAIRBANKS INTERNATIONAL AIRPORT, AK US",64.80309,-147.87606,131.1,1952-10,11.9,-0.8
USW00026411,"FAIRBANKS INTERNATIONAL AIRPORT, AK US",64.80309,-147.87606,131.1,1952-11,3.9,-9.3
USW00026411,"FAIRBANKS INTERNATIONAL AIRPORT, AK US",64.80309,-147.87606,131.1,1952-12,1,-19.6
USW00026411,"FAIRBANKS INTERNATIONAL AIRPORT, AK US",64.80309,-147.87606,131.1,1953-01,3,-30.3
USW00026411,"FAIRBANKS INTERNATIONAL AIRPORT, AK US",64.80309,-147.87606,131.1,1953-02,7.1,-16.3
USW00026411,"FAIRBANKS INTERNATIONAL AIRPORT, AK US",64.80309,-147.87606,131.1,1953-03,5.2,-13.6
USW00026411,"FAIRBANKS INTERNATIONAL AIRPORT, AK US",64.80309,-147.87606,131.1,1953-04,0.3,2.9
USW00026411,"FAIRBANKS INTERNATIONAL AIRPORT, AK US",64.80309,-147.87606,131.1,1953-05,16.4,10.8
USW00026411,"FAIRBANKS INTERNATIONAL AIRPORT, AK US",64.80309,-147.87606,131.1,1953-06,47,16.5
USW00026411,"FAIRBANKS INTERNATIONAL AIRPORT, AK US",64.80309,-147.87606,131.1,1953-07,35.1,16.7
USW00026411,"FAIRBANKS INTERNATIONAL AIRPORT, AK US",64.80309,-147.87606,131.1,1953-08,75.6,13.4
USW00026411,"FAIRBANKS INTERNATIONAL AIRPORT, AK US",64.80309,-147.87606,131.1,1953-09,33.6,7.3
USW00026411,"FAIRBANKS INTERNATIONAL AIRPORT, AK US",64.80309,-147.87606,131.1,1953-10,2.9,-4.5
USW00026411,"FAIRBANKS INTERNATIONAL AIRPORT, AK US",64.80309,-147.87606,131.1,1953-11,0,-16.5
USW00026411,"FAIRBANKS INTERNATIONAL AIRPORT, AK US",64.80309,-147.87606,131.1,1953-12,3.3,-20.1
USW00026411,"FAIRBANKS INTERNATIONAL AIRPORT, AK US",64.80309,-147.87606,131.1,1954-01,14,-25.9
USW00026411,"FAIRBANKS INTERNATIONAL AIRPORT, AK US",64.80309,-147.87606,131.1,1954-02,5.3,-27.2
USW00026411,"FAIRBANKS INTERNATIONAL AIRPORT, AK US",64.80309,-147.87606,131.1,1954-03,15.3,-11.3
USW00026411,"FAIRBANKS INTERNATIONAL AIRPORT, AK US",64.80309,-147.87606,131.1,1954-04,0,-3.1
USW00026411,"FAIRBANKS INTERNATIONAL AIRPORT, AK US",64.80309,-147.87606,131.1,1954-05,4.4,10.3
USW00026411,"FAIRBANKS INTERNATIONAL AIRPORT, AK US",64.80309,-147.87606,131.1,1954-06,45.4,14.8
USW00026411,"FAIRBANKS INTERNATIONAL AIRPORT, AK US",64.80309,-147.87606,131.1,1954-07,81.9,14.6
USW00026411,"FAIRBANKS INTERNATIONAL AIRPORT, AK US",64.80309,-147.87606,131.1,1954-08,21.5,13.6
USW00026411,"FAIRBANKS INTERNATIONAL AIRPORT, AK US",64.80309,-147.87606,131.1,1954-09,46.4,5.9
USW00026411,"FAIRBANKS INTERNATIONAL AIRPORT, AK US",64.80309,-147.87606,131.1,1954-10,2.1,-0.4
USW00026411,"FAIRBANKS INTERNATIONAL AIRPORT, AK US",64.80309,-147.87606,131.1,1954-11,10.6,-10.8
USW00026411,"FAIRBANKS INTERNATIONAL AIRPORT, AK US",64.80309,-147.87606,131.1,1954-12,12.4,-29.7
USW00026411,"FAIRBANKS INTERNATIONAL AIRPORT, AK US",64.80309,-147.87606,131.1,1955-01,12.5,-19.6
USW00026411,"FAIRBANKS INTERNATIONAL AIRPORT, AK US",64.80309,-147.87606,131.1,1955-02,15.5,-24.6
USW00026411,"FAIRBANKS INTERNATIONAL AIRPORT, AK US",64.80309,-147.87606,131.1,1955-03,13.3,-12.2
USW00026411,"FAIRBANKS INTERNATIONAL AIRPORT, AK US",64.80309,-147.87606,131.1,1955-04,4.8,-5.8
USW00026411,"FAIRBANKS INTERNATIONAL AIRPORT, AK US",64.80309,-147.87606,131.1,1955-05,42.4,7.8
USW00026411,"FAIRBANKS INTERNATIONAL AIRPORT, AK US",64.80309,-147.87606,131.1,1955-06,89.4,13.1
USW00026411,"FAIRBANKS INTERNATIONAL AIRPORT, AK US",64.80309,-147.87606,131.1,1955-07,63.7,16.2
USW00026411,"FAIRBANKS INTERNATIONAL AIRPORT, AK US",64.80309,-147.87606,131.1,1955-08,49.2,11.7
USW00026411,"FAIRBANKS INTERNATIONAL AIRPORT, AK US",64.80309,-147.87606,131.1,1955-09,36.8,6.5
USW00026411,"FAIRBANKS INTERNATIONAL AIRPORT, AK US",64.80309,-147.87606,131.1,1955-10,24,-4.6
USW00026411,"FAIRBANKS INTERNATIONAL AIRPORT, AK US",64.80309,-147.87606,131.1,1955-11,5.4,-23.2
USW00026411,"FAIRBANKS INTERNATIONAL AIRPORT, AK US",64.80309,-147.87606,131.1,1955-12,46.6,-22.8
USW00026411,"FAIRBANKS INTERNATIONAL AIRPORT, AK US",64.80309,-147.87606,131.1,1956-01,11.1,-29
USW00026411,"FAIRBANKS INTERNATIONAL AIRPORT, AK US",64.80309,-147.87606,131.1,1956-02,25.5,-23.7
USW00026411,"FAIRBANKS INTERNATIONAL AIRPORT, AK US",64.80309,-147.87606,131.1,1956-03,3.9,-14.5
USW00026411,"FAIRBANKS INTERNATIONAL AIRPORT, AK US",64.80309,-147.87606,131.1,1956-04,3.1,-0.5
USW00026411,"FAIRBANKS INTERNATIONAL AIRPORT, AK US",64.80309,-147.87606,131.1,1956-05,15.5,9.1
USW00026411,"FAIRBANKS INTERNATIONAL AIRPORT, AK US",64.80309,-147.87606,131.1,1956-06,26,14.3
USW00026411,"FAIRBANKS INTERNATIONAL AIRPORT, AK US",64.80309,-147.87606,131.1,1956-07,35.9,16.1
USW00026411,"FAIRBANKS INTERNATIONAL AIRPORT, AK US",64.80309,-147.87606,131.1,1956-08,56.7,13.2
USW00026411,"FAIRBANKS INTERNATIONAL AIRPORT, AK US",64.80309,-147.87606,131.1,1956-09,49.3,5.5
USW00026411,"FAIRBANKS INTERNATIONAL AIRPORT, AK US",64.80309,-147.87606,131.1,1956-10,23.2,-8.3
USW00026411,"FAIRBANKS INTERNATIONAL AIRPORT, AK US",64.80309,-147.87606,131.1,1956-11,25.1,-20.5
USW00026411,"FAIRBANKS INTERNATIONAL AIRPORT, AK US",64.80309,-147.87606,131.1,1956-12,15,-33.4
USW00026411,"FAIRBANKS INTERNATIONAL AIRPORT, AK US",64.80309,-147.87606,131.1,1957-01,49,-17
USW00026411,"FAIRBANKS INTERNATIONAL AIRPORT, AK US",64.80309,-147.87606,131.1,1957-02,14.3,-19.2
USW00026411,"FAIRBANKS INTERNATIONAL AIRPORT, AK US",64.80309,-147.87606,131.1,1957-03,4,-7.7
USW00026411,"FAIRBANKS INTERNATIONAL AIRPORT, AK US",64.80309,-147.87606,131.1,1957-04,2.2,0.2
USW00026411,"FAIRBANKS INTERNATIONAL AIRPORT, AK US",64.80309,-147.87606,131.1,1957-05,1.9,9.1
USW00026411,"FAIRBANKS INTERNATIONAL AIRPORT, AK US",64.80309,-147.87606,131.1,1957-06,5.3,17.8
USW00026411,"FAIRBANKS INTERNATIONAL AIRPORT, AK US",64.80309,-147.87606,131.1,1957-07,10.2,15.9
USW00026411,"FAIRBANKS INTERNATIONAL AIRPORT, AK US",64.80309,-147.87606,131.1,1957-08,10.2,15.1
USW00026411,"FAIRBANKS INTERNATIONAL AIRPORT, AK US",64.80309,-147.87606,131.1,1957-09,12.1,6.4
USW00026411,"FAIRBANKS INTERNATIONAL AIRPORT, AK US",64.80309,-147.87606,131.1,1957-10,18.8,-1.6
USW00026411,"FAIRBANKS INTERNATIONAL AIRPORT, AK US",64.80309,-147.87606,131.1,1957-11,7.7,-9.5
USW00026411,"FAIRBANKS INTERNATIONAL AIRPORT, AK US",64.80309,-147.87606,131.1,1957-12,6.5,-26.4
USW00026411,"FAIRBANKS INTERNATIONAL AIRPORT, AK US",64.80309,-147.87606,131.1,1958-01,7.9,-19.2
USW00026411,"FAIRBANKS INTERNATIONAL AIRPORT, AK US",64.80309,-147.87606,131.1,1958-02,1.8,-17
USW00026411,"FAIRBANKS INTERNATIONAL AIRPORT, AK US",64.80309,-147.87606,131.1,1958-03,6.1,-8.9
USW00026411,"FAIRBANKS INTERNATIONAL AIRPORT, AK US",64.80309,-147.87606,131.1,1958-04,2.3,1.4
USW00026411,"FAIRBANKS INTERNATIONAL AIRPORT, AK US",64.80309,-147.87606,131.1,1958-05,14.4,9.1
USW00026411,"FAIRBANKS INTERNATIONAL AIRPORT, AK US",64.80309,-147.87606,131.1,1958-06,25.5,17
USW00026411,"FAIRBANKS INTERNATIONAL AIRPORT, AK US",64.80309,-147.87606,131.1,1958-07,36.2,16.9
USW00026411,"FAIRBANKS INTERNATIONAL AIRPORT, AK US",64.80309,-147.87606,131.1,1958-08,15.7,13.6
USW00026411,"FAIRBANKS INTERNATIONAL AIRPORT, AK US",64.80309,-147.87606,131.1,1958-09,11.8,6
USW00026411,"FAIRBANKS INTERNATIONAL AIRPORT, AK US",64.80309,-147.87606,131.1,1958-10,21.3,-9.6
USW00026411,"FAIRBANKS INTERNATIONAL AIRPORT, AK US",64.80309,-147.87606,131.1,1958-11,10.5,-17
USW00026411,"FAIRBANKS INTERNATIONAL AIRPORT, AK US",64.80309,-147.87606,131.1,1958-12,10.3,-21.7
USW00026411,"FAIRBANKS INTERNATIONAL AIRPORT, AK US",64.80309,-147.87606,131.1,1959-01,2.3,-28.9
USW00026411,"FAIRBANKS INTERNATIONAL AIRPORT, AK US",64.80309,-147.87606,131.1,1959-02,23.7,-14.5
USW00026411,"FAIRBANKS INTERNATIONAL AIRPORT, AK US",64.80309,-147.87606,131.1,1959-03,3.9,-21.5
USW00026411,"FAIRBANKS INTERNATIONAL AIRPORT, AK US",64.80309,-147.87606,131.1,1959-04,3.1,-3.4
USW00026411,"FAIRBANKS INTERNATIONAL AIRPORT, AK US",64.80309,-147.87606,131.1,1959-05,26,8.4
USW00026411,"FAIRBANKS INTERNATIONAL AIRPORT, AK US",64.80309,-147.87606,131.1,1959-06,30.5,16.4
USW00026411,"FAIRBANKS INTERNATIONAL AIRPORT, AK US",64.80309,-147.87606,131.1,1959-07,71.2,13.1
USW00026411,"FAIRBANKS INTERNATIONAL AIRPORT, AK US",64.80309,-147.87606,131.1,1959-08,46,12.5
USW00026411,"FAIRBANKS INTERNATIONAL AIRPORT, AK US",64.80309,-147.87606,131.1,1959-09,23.5,6.4
USW00026411,"FAIRBANKS INTERNATIONAL AIRPORT, AK US",64.80309,-147.87606,131.1,1959-10,17.4,-4.4
USW00026411,"FAIRBANKS INTERNATIONAL AIRPORT, AK US",64.80309,-147.87606,131.1,1959-11,14,-14.1
USW00026411,"FAIRBANKS INTERNATIONAL AIRPORT, AK US",64.80309,-147.87606,131.1,1959-12,14.3,-23
USW00026411,"FAIRBANKS INTERNATIONAL AIRPORT, AK US",64.80309,-147.87606,131.1,1960-01,24.7,-19.9
USW00026411,"FAIRBANKS INTERNATIONAL AIRPORT, AK US",64.80309,-147.87606,131.1,1960-02,9.7,-16.1
USW00026411,"FAIRBANKS INTERNATIONAL AIRPORT, AK US",64.80309,-147.87606,131.1,1960-03,5.2,-15.4
USW00026411,"FAIRBANKS INTERNATIONAL AIRPORT, AK US",64.80309,-147.87606,131.1,1960-04,10.3,-2.9
USW00026411,"FAIRBANKS INTERNATIONAL AIRPORT, AK US",64.80309,-147.87606,131.1,1960-05,6.6,11.7
USW00026411,"FAIRBANKS INTERNATIONAL AIRPORT, AK US",64.80309,-147.87606,131.1,1960-06,18.6,13.3
USW00026411,"FAIRBANKS INTERNATIONAL AIRPORT, AK US",64.80309,-147.87606,131.1,1960-07,35.1,16.7
USW00026411,"FAIRBANKS INTERNATIONAL AIRPORT, AK US",64.80309,-147.87606,131.1,1960-08,43.6,12.8
USW00026411,"FAIRBANKS INTERNATIONAL AIRPORT, AK US",64.80309,-147.87606,131.1,1960-09,77.5,5.2
USW00026411,"FAIRBANKS INTERNATIONAL AIRPORT, AK US",64.80309,-147.87606,131.1,1960-10,23.4,-3.3
USW00026411,"FAIRBANKS INTERNATIONAL AIRPORT, AK US",64.80309,-147.87606,131.1,1960-11,10.6,-18.3
USW00026411,"FAIRBANKS INTERNATIONAL AIRPORT, AK US",64.80309,-147.87606,131.1,1960-12,5.8,-14.8
USW00026411,"FAIRBANKS INTERNATIONAL AIRPORT, AK US",64.80309,-147.87606,131.1,1961-01,6.3,-18.9
USW00026411,"FAIRBANKS INTERNATIONAL AIRPORT, AK US",64.80309,-147.87606,131.1,1961-02,4.4,-20.2
USW00026411,"FAIRBANKS INTERNATIONAL AIRPORT, AK US",64.80309,-147.87606,131.1,1961-03,2.9,-17.4
USW00026411,"FAIRBANKS INTERNATIONAL AIRPORT, AK US",64.80309,-147.87606,131.1,1961-04,9.6,-3.8
USW00026411,"FAIRBANKS INTERNATIONAL AIRPORT, AK US",64.80309,-147.87606,131.1,1961-05,6.1,9.6
USW00026411,"FAIRBANKS INTERNATIONAL AIRPORT, AK US",64.80309,-147.87606,131.1,1961-06,16.9,14.9
USW00026411,"FAIRBANKS INTERNATIONAL AIRPORT, AK US",64.80309,-147.87606,131.1,1961-07,66.4,15.1
USW00026411,"FAIRBANKS INTERNATIONAL AIRPORT, AK US",64.80309,-147.87606,131.1,1961-08,72.4,12.9
USW00026411,"FAIRBANKS INTERNATIONAL AIRPORT, AK US",64.80309,-147.87606,131.1,1961-09,48.7,6.7
USW00026411,"FAIRBANKS INTERNATIONAL AIRPORT, AK US",64.80309,-147.87606,131.1,1961-10,29.9,-6
USW00026411,"FAIRBANKS INTERNATIONAL AIRPORT, AK US",64.80309,-147.87606,131.1,1961-11,12.1,-20.1
USW00026411,"FAIRBANKS INTERNATIONAL AIRPORT, AK US",64.80309,-147.87606,131.1,1961-12,15.1,-31
USW00026411,"FAIRBANKS INTERNATIONAL AIRPORT, AK US",64.80309,-147.87606,131.1,1962-01,17.6,-22.1
USW00026411,"FAIRBANKS INTERNATIONAL AIRPORT, AK US",64.80309,-147.87606,131.1,1962-02,32.1,-13.9
USW00026411,"FAIRBANKS INTERNATIONAL AIRPORT, AK US",64.80309,-147.87606,131.1,1962-03,16.9,-13.4
USW00026411,"FAIRBANKS INTERNATIONAL AIRPORT, AK US",64.80309,-147.87606,131.1,1962-04,9.8,-1.1
USW00026411,"FAIRBANKS INTERNATIONAL AIRPORT, AK US",64.80309,-147.87606,131.1,1962-05,15.7,7.2
USW00026411,"FAIRBANKS INTERNATIONAL AIRPORT, AK US",64.80309,-147.87606,131.1,1962-06,56.4,14.8
USW00026411,"FAIRBANKS INTERNATIONAL AIRPORT, AK US",64.80309,-147.87606,131.1,1962-07,110.5,17.5
USW00026411,"FAIRBANKS INTERNATIONAL AIRPORT, AK US",64.80309,-147.87606,131.1,1962-08,102.5,14.4
USW00026411,"FAIRBANKS INTERNATIONAL AIRPORT, AK US",64.80309,-147.87606,131.1,1962-09,35.6,5.3
USW00026411,"FAIRBANKS INTERNATIONAL AIRPORT, AK US",64.80309,-147.87606,131.1,1962-10,7.2,-0.7
USW00026411,"FAIRBANKS INTERNATIONAL AIRPORT, AK US",64.80309,-147.87606,131.1,1962-11,4.4,-15.4
USW00026411,"FAIRBANKS INTERNATIONAL AIRPORT, AK US",64.80309,-147.87606,131.1,1962-12,14.3,-21.4
USW00026411,"FAIRBANKS INTERNATIONAL AIRPORT, AK US",64.80309,-147.87606,131.1,1963-01,45.4,-16.9
USW00026411,"FAIRBANKS INTERNATIONAL AIRPORT, AK US",64.80309,-147.87606,131.1,1963-02,7,-17.9
USW00026411,"FAIRBANKS INTERNATIONAL AIRPORT, AK US",64.80309,-147.87606,131.1,1963-03,53.4,-13.5
USW00026411,"FAIRBANKS INTERNATIONAL AIRPORT, AK US",64.80309,-147.87606,131.1,1963-04,12.4,-4.2
USW00026411,"FAIRBANKS INTERNATIONAL AIRPORT, AK US",64.80309,-147.87606,131.1,1963-05,2.8,9.6
USW00026411,"FAIRBANKS INTERNATIONAL AIRPORT, AK US",64.80309,-147.87606,131.1,1963-06,50.9,11.9
USW00026411,"FAIRBANKS INTERNATIONAL AIRPORT, AK US",64.80309,-147.87606,131.1,1963-07,34.7,15.6
USW00026411,"FAIRBANKS INTERNATIONAL AIRPORT, AK US",64.80309,-147.87606,131.1,1963-08,91.6,12.6
USW00026411,"FAIRBANKS INTERNATIONAL AIRPORT, AK US",64.80309,-147.87606,131.1,1963-09,4.9,8.8
USW00026411,"FAIRBANKS INTERNATIONAL AIRPORT, AK US",64.80309,-147.87606,131.1,1963-10,38.3,-3.1
USW00026411,"FAIRBANKS INTERNATIONAL AIRPORT, AK US",64.80309,-147.87606,131.1,1963-11,4.6,-23.6
USW00026411,"FAIRBANKS INTERNATIONAL AIRPORT, AK US",64.80309,-147.87606,131.1,1963-12,9.7,-15.6
USW00026411,"FAIRBANKS INTERNATIONAL AIRPORT, AK US",64.80309,-147.87606,131.1,1964-01,5.5,-26.5
USW00026411,"FAIRBANKS INTERNATIONAL AIRPORT, AK US",64.80309,-147.87606,131.1,1964-02,11.6,-17.4
USW00026411,"FAIRBANKS INTERNATIONAL AIRPORT, AK US",64.80309,-147.87606,131.1,1964-03,4.6,-19
USW00026411,"FAIRBANKS INTERNATIONAL AIRPORT, AK US",64.80309,-147.87606,131.1,1964-04,17.5,-3.4
USW00026411,"FAIRBANKS INTERNATIONAL AIRPORT, AK US",64.80309,-147.87606,131.1,1964-05,24.7,3.7
USW00026411,"FAIRBANKS INTERNATIONAL AIRPORT, AK US",64.80309,-147.87606,131.1,1964-06,33.9,15.6
USW00026411,"FAIRBANKS INTERNATIONAL AIRPORT, AK US",64.80309,-147.87606,131.1,1964-07,32.6,15.4
USW00026411,"FAIRBANKS INTERNATIONAL AIRPORT, AK US",64.80309,-147.87606,131.1,1964-08,60.4,13.6
USW00026411,"FAIRBANKS INTERNATIONAL AIRPORT, AK US",64.80309,-147.87606,131.1,1964-09,21.7,7.2
USW00026411,"FAIRBANKS INTERNATIONAL AIRPORT, AK US",64.80309,-147.87606,131.1,1964-10,13.5,-2.1
USW00026411,"FAIRBANKS INTERNATIONAL AIRPORT, AK US",64.80309,-147.87606,131.1,1964-11,22,-16.4
USW00026411,"FAIRBANKS INTERNATIONAL AIRPORT, AK US",64.80309,-147.87606,131.1,1964-12,9,-32.5
USW00026411,"FAIRBANKS INTERNATIONAL AIRPORT, AK US",64.80309,-147.87606,131.1,1965-01,1.8,-27.8
USW00026411,"FAIRBANKS INTERNATIONAL AIRPORT, AK US",64.80309,-147.87606,131.1,1965-02,8.1,-27.8
USW00026411,"FAIRBANKS INTERNATIONAL AIRPORT, AK US",64.80309,-147.87606,131.1,1965-03,7,-4.2
USW00026411,"FAIRBANKS INTERNATIONAL AIRPORT, AK US",64.80309,-147.87606,131.1,1965-04,12,-0.6
USW00026411,"FAIRBANKS INTERNATIONAL AIRPORT, AK US",64.80309,-147.87606,131.1,1965-05,3.6,6
USW00026411,"FAIRBANKS INTERNATIONAL AIRPORT, AK US",64.80309,-147.87606,131.1,1965-06,29.6,12.9
USW00026411,"FAIRBANKS INTERNATIONAL AIRPORT, AK US",64.80309,-147.87606,131.1,1965-07,35.4,15.7
USW00026411,"FAIRBANKS INTERNATIONAL AIRPORT, AK US",64.80309,-147.87606,131.1,1965-08,37.5,11.5
USW00026411,"FAIRBANKS INTERNATIONAL AIRPORT, AK US",64.80309,-147.87606,131.1,1965-09,53.5,9
USW00026411,"FAIRBANKS INTERNATIONAL AIRPORT, AK US",64.80309,-147.87606,131.1,1965-10,18.9,-10.1
USW00026411,"FAIRBANKS INTERNATIONAL AIRPORT, AK US",64.80309,-147.87606,131.1,1965-11,30.6,-15.7
USW00026411,"FAIRBANKS INTERNATIONAL AIRPORT, AK US",64.80309,-147.87606,131.1,1965-12,48.8,-25.6
USW00026411,"FAIRBANKS INTERNATIONAL AIRPORT, AK US",64.80309,-147.87606,131.1,1966-01,0.3,-33
USW00026411,"FAIRBANKS INTERNATIONAL AIRPORT, AK US",64.80309,-147.87606,131.1,1966-02,44.6,-22
USW00026411,"FAIRBANKS INTERNATIONAL AIRPORT, AK US",64.80309,-147.87606,131.1,1966-03,8.9,-19.2
USW00026411,"FAIRBANKS INTERNATIONAL AIRPORT, AK US",64.80309,-147.87606,131.1,1966-04,8.2,-2.8
USW00026411,"FAIRBANKS INTERNATIONAL AIRPORT, AK US",64.80309,-147.87606,131.1,1966-05,9.7,7.4
USW00026411,"FAIRBANKS INTERNATIONAL AIRPORT, AK US",64.80309,-147.87606,131.1,1966-06,4.9,17.4
USW00026411,"FAIRBANKS INTERNATIONAL AIRPORT, AK US",64.80309,-147.87606,131.1,1966-07,21.1,16.9
USW00026411,"FAIRBANKS INTERNATIONAL AIRPORT, AK US",64.80309,-147.87606,131.1,1966-08,15.1,13.9
USW00026411,"FAIRBANKS INTERNATIONAL AIRPORT, AK US",64.80309,-147.87606,131.1,1966-09,3.8,10.1
USW00026411,"FAIRBANKS INTERNATIONAL AIRPORT, AK US",64.80309,-147.87606,131.1,1966-10,7.5,-4.3
USW00026411,"FAIRBANKS INTERNATIONAL AIRPORT, AK US",64.80309,-147.87606,131.1,1966-11,52.2,-17.5
USW00026411,"FAIRBANKS INTERNATIONAL AIRPORT, AK US",64.80309,-147.87606,131.1,1966-12,4.1,-28.9
USW00026411,"FAIRBANKS INTERNATIONAL AIRPORT, AK US",64.80309,-147.87606,131.1,1967-01,10.3,-26.3
USW00026411,"FAIRBANKS INTERNATIONAL AIRPORT, AK US",64.80309,-147.87606,131.1,1967-02,6.5,-21.6
USW00026411,"FAIRBANKS INTERNATIONAL AIRPORT, AK US",64.80309,-147.87606,131.1,1967-03,48.3,-12.3
USW00026411,"FAIRBANKS INTERNATIONAL AIRPORT, AK US",64.80309,-147.87606,131.1,1967-04,21.4,-0.2
USW00026411,"FAIRBANKS INTERNATIONAL AIRPORT, AK US",64.80309,-147.87606,131.1,1967-05,10.9,7.6
USW00026411,"FAIRBANKS INTERNATIONAL AIRPORT, AK US",64.80309,-147.87606,131.1,1967-06,28.7,16.5
USW00026411,"FAIRBANKS INTERNATIONAL AIRPORT, AK US",64.80309,-147.87606,131.1,1967-07,85,15.5
USW00026411,"FAIRBANKS INTERNATIONAL AIRPORT, AK US",64.80309,-147.87606,131.1,1967-08,157.6,14.6
USW00026411,"FAIRBANKS INTERNATIONAL AIRPORT, AK US",64.80309,-147.87606,131.1,1967-09,6.4,8.1
USW00026411,"FAIRBANKS INTERNATIONAL AIRPORT, AK US",64.80309,-147.87606,131.1,1967-10,8.3,-4
USW00026411,"FAIRBANKS INTERNATIONAL AIRPORT, AK US",64.80309,-147.87606,131.1,1967-11,23.9,-12.5
USW00026411,"FAIRBANKS INTERNATIONAL AIRPORT, AK US",64.80309,-147.87606,131.1,1967-12,34.3,-18.7
USW00026411,"FAIRBANKS INTERNATIONAL AIRPORT, AK US",64.80309,-147.87606,131.1,1968-01,30.3,-23.9
USW00026411,"FAIRBANKS INTERNATIONAL AIRPORT, AK US",64.80309,-147.87606,131.1,1968-02,3.9,-20.5
USW00026411,"FAIRBANKS INTERNATIONAL AIRPORT, AK US",64.80309,-147.87606,131.1,1968-03,0,-10.7
USW00026411,"FAIRBANKS INTERNATIONAL AIRPORT, AK US",64.80309,-147.87606,131.1,1968-04,7.4,-1.6
USW00026411,"FAIRBANKS INTERNATIONAL AIRPORT, AK US",64.80309,-147.87606,131.1,1968-05,17,8.7
USW00026411,"FAIRBANKS INTERNATIONAL AIRPORT, AK US",64.80309,-147.87606,131.1,1968-06,38.6,15.3
USW00026411,"FAIRBANKS INTERNATIONAL AIRPORT, AK US",64.80309,-147.87606,131.1,1968-07,21.4,18.8
USW00026411,"FAIRBANKS INTERNATIONAL AIRPORT, AK US",64.80309,-147.87606,131.1,1968-08,24.4,14.7
USW00026411,"FAIRBANKS INTERNATIONAL AIRPORT, AK US",64.80309,-147.87606,131.1,1968-09,4,6
USW00026411,"FAIRBANKS INTERNATIONAL AIRPORT, AK US",64.80309,-147.87606,131.1,1968-10,8.1,-5.5
USW00026411,"FAIRBANKS INTERNATIONAL AIRPORT, AK US",64.80309,-147.87606,131.1,1968-11,7.1,-16.5
USW00026411,"FAIRBANKS INTERNATIONAL AIRPORT, AK US",64.80309,-147.87606,131.1,1968-12,35.1,-27.6
USW00026411,"FAIRBANKS INTERNATIONAL AIRPORT, AK US",64.80309,-147.87606,131.1,1969-01,14,-32.6
USW00026411,"FAIRBANKS INTERNATIONAL AIRPORT, AK US",64.80309,-147.87606,131.1,1969-02,2.6,-21.8
USW00026411,"FAIRBANKS INTERNATIONAL AIRPORT, AK US",64.80309,-147.87606,131.1,1969-03,15.3,-12.2
USW00026411,"FAIRBANKS INTERNATIONAL AIRPORT, AK US",64.80309,-147.87606,131.1,1969-04,0,2.4
USW00026411,"FAIRBANKS INTERNATIONAL AIRPORT, AK US",64.80309,-147.87606,131.1,1969-05,24.1,9.7
USW00026411,"FAIRBANKS INTERNATIONAL AIRPORT, AK US",64.80309,-147.87606,131.1,1969-06,9.9,18.3
USW00026411,"FAIRBANKS INTERNATIONAL AIRPORT, AK US",64.80309,-147.87606,131.1,1969-07,33.9,15.2
USW00026411,"FAIRBANKS INTERNATIONAL AIRPORT, AK US",64.80309,-147.87606,131.1,1969-08,51.9,9.9
USW00026411,"FAIRBANKS INTERNATIONAL AIRPORT, AK US",64.80309,-147.87606,131.1,1969-09,7.1,9.5
USW00026411,"FAIRBANKS INTERNATIONAL AIRPORT, AK US",64.80309,-147.87606,131.1,1969-10,2.5,1.1
USW00026411,"FAIRBANKS INTERNATIONAL AIRPORT, AK US",64.80309,-147.87606,131.1,1969-11,13.8,-17.2
USW00026411,"FAIRBANKS INTERNATIONAL AIRPORT, AK US",64.80309,-147.87606,131.1,1969-12,0,-15.6
USW00026411,"FAIRBANKS INTERNATIONAL AIRPORT, AK US",64.80309,-147.87606,131.1,1970-01,2.6,-26.8
USW00026411,"FAIRBANKS INTERNATIONAL AIRPORT, AK US",64.80309,-147.87606,131.1,1970-02,8.2,-13.3
USW00026411,"FAIRBANKS INTERNATIONAL AIRPORT, AK US",64.80309,-147.87606,131.1,1970-03,6.4,-6.2
USW00026411,"FAIRBANKS INTERNATIONAL AIRPORT, AK US",64.80309,-147.87606,131.1,1970-04,11.6,0
USW00026411,"FAIRBANKS INTERNATIONAL AIRPORT, AK US",64.80309,-147.87606,131.1,1970-05,10.7,11
USW00026411,"FAIRBANKS INTERNATIONAL AIRPORT, AK US",64.80309,-147.87606,131.1,1970-06,65.4,14.4
USW00026411,"FAIRBANKS INTERNATIONAL AIRPORT, AK US",64.80309,-147.87606,131.1,1970-07,46.1,16.9
USW00026411,"FAIRBANKS INTERNATIONAL AIRPORT, AK US",64.80309,-147.87606,131.1,1970-08,50.6,13.8
USW00026411,"FAIRBANKS INTERNATIONAL AIRPORT, AK US",64.80309,-147.87606,131.1,1970-09,16.8,4.9
USW00026411,"FAIRBANKS INTERNATIONAL AIRPORT, AK US",64.80309,-147.87606,131.1,1970-10,47.1,-7.3
USW00026411,"FAIRBANKS INTERNATIONAL AIRPORT, AK US",64.80309,-147.87606,131.1,1970-11,84.4,-11.9
USW00026411,"FAIRBANKS INTERNATIONAL AIRPORT, AK US",64.80309,-147.87606,131.1,1970-12,58.3,-23.2
USW00026411,"FAIRBANKS INTERNATIONAL AIRPORT, AK US",64.80309,-147.87606,131.1,1971-01,8.3,-35.4
USW00026411,"FAIRBANKS INTERNATIONAL AIRPORT, AK US",64.80309,-147.87606,131.1,1971-02,16.1,-20.3
USW00026411,"FAIRBANKS INTERNATIONAL AIRPORT, AK US",64.80309,-147.87606,131.1,1971-03,5.1,-18
USW00026411,"FAIRBANKS INTERNATIONAL AIRPORT, AK US",64.80309,-147.87606,131.1,1971-04,2.8,-2.9
USW00026411,"FAIRBANKS INTERNATIONAL AIRPORT, AK US",64.80309,-147.87606,131.1,1971-05,4.2,8.5
USW00026411,"FAIRBANKS INTERNATIONAL AIRPORT, AK US",64.80309,-147.87606,131.1,1971-06,7.9,17.4
USW00026411,"FAIRBANKS INTERNATIONAL AIRPORT, AK US",64.80309,-147.87606,131.1,1971-07,52.9,16.1
USW00026411,"FAIRBANKS INTERNATIONAL AIRPORT, AK US",64.80309,-147.87606,131.1,1971-08,59,13.4
USW00026411,"FAIRBANKS INTERNATIONAL AIRPORT, AK US",64.80309,-147.87606,131.1,1971-09,62.2,7
USW00026411,"FAIRBANKS INTERNATIONAL AIRPORT, AK US",64.80309,-147.87606,131.1,1971-10,34.3,-2.3
USW00026411,"FAIRBANKS INTERNATIONAL AIRPORT, AK US",64.80309,-147.87606,131.1,1971-11,13.8,-17.5
USW00026411,"FAIRBANKS INTERNATIONAL AIRPORT, AK US",64.80309,-147.87606,131.1,1971-12,46.8,-21
USW00026411,"FAIRBANKS INTERNATIONAL AIRPORT, AK US",64.80309,-147.87606,131.1,1972-01,18.6,-26.8
USW00026411,"FAIRBANKS INTERNATIONAL AIRPORT, AK US",64.80309,-147.87606,131.1,1972-02,4.2,-23.3
USW00026411,"FAIRBANKS INTERNATIONAL AIRPORT, AK US",64.80309,-147.87606,131.1,1972-03,7,-19.3
USW00026411,"FAIRBANKS INTERNATIONAL AIRPORT, AK US",64.80309,-147.87606,131.1,1972-04,5.3,-6.2
USW00026411,"FAIRBANKS INTERNATIONAL AIRPORT, AK US",64.80309,-147.87606,131.1,1972-05,8.9,8.5
USW00026411,"FAIRBANKS INTERNATIONAL AIRPORT, AK US",64.80309,-147.87606,131.1,1972-06,14.1,15.2
USW00026411,"FAIRBANKS INTERNATIONAL AIRPORT, AK US",64.80309,-147.87606,131.1,1972-07,16,18.1
USW00026411,"FAIRBANKS INTERNATIONAL AIRPORT, AK US",64.80309,-147.87606,131.1,1972-08,27.9,14.9
USW00026411,"FAIRBANKS INTERNATIONAL AIRPORT, AK US",64.80309,-147.87606,131.1,1972-09,53,4.5
USW00026411,"FAIRBANKS INTERNATIONAL AIRPORT, AK US",64.80309,-147.87606,131.1,1972-10,22.1,-2.9
USW00026411,"FAIRBANKS INTERNATIONAL AIRPORT, AK US",64.80309,-147.87606,131.1,1972-11,12,-13.9
USW00026411,"FAIRBANKS INTERNATIONAL AIRPORT, AK US",64.80309,-147.87606,131.1,1972-12,28.8,-19.2
USW00026411,"FAIRBANKS INTERNATIONAL AIRPORT, AK US",64.80309,-147.87606,131.1,1973-01,11.2,-27.9
USW00026411,"FAIRBANKS INTERNATIONAL AIRPORT, AK US",64.80309,-147.87606,131.1,1973-02,2.8,-18.6
USW00026411,"FAIRBANKS INTERNATIONAL AIRPORT, AK US",64.80309,-147.87606,131.1,1973-03,10.3,-11.1
USW00026411,"FAIRBANKS INTERNATIONAL AIRPORT, AK US",64.80309,-147.87606,131.1,1973-04,1.3,1.8
USW00026411,"FAIRBANKS INTERNATIONAL AIRPORT, AK US",64.80309,-147.87606,131.1,1973-05,25.3,10.3
USW00026411,"FAIRBANKS INTERNATIONAL AIRPORT, AK US",64.80309,-147.87606,131.1,1973-06,24.7,15.7
USW00026411,"FAIRBANKS INTERNATIONAL AIRPORT, AK US",64.80309,-147.87606,131.1,1973-07,49,16.6
USW00026411,"FAIRBANKS INTERNATIONAL AIRPORT, AK US",64.80309,-147.87606,131.1,1973-08,55.6,12.8
USW00026411,"FAIRBANKS INTERNATIONAL AIRPORT, AK US",64.80309,-147.87606,131.1,1973-09,5,8.5
USW00026411,"FAIRBANKS INTERNATIONAL AIRPORT, AK US",64.80309,-147.87606,131.1,1973-10,23.2,-3.9
USW00026411,"FAIRBANKS INTERNATIONAL AIRPORT, AK US",64.80309,-147.87606,131.1,1973-11,20.4,-18.1
USW00026411,"FAIRBANKS INTERNATIONAL AIRPORT, AK US",64.80309,-147.87606,131.1,1973-12,3.8,-19.7
USW00026411,"FAIRBANKS INTERNATIONAL AIRPORT, AK US",64.80309,-147.87606,131.1,1974-01,3.6,-27
USW00026411,"FAIRBANKS INTERNATIONAL AIRPORT, AK US",64.80309,-147.87606,131.1,1974-02,8.5,-27.7
USW00026411,"FAIRBANKS INTERNATIONAL AIRPORT, AK US",64.80309,-147.87606,131.1,1974-03,6.9,-13.6
USW00026411,"FAIRBANKS INTERNATIONAL AIRPORT, AK US",64.80309,-147.87606,131.1,1974-04,5.3,1.6
USW00026411,"FAIRBANKS INTERNATIONAL AIRPORT, AK US",64.80309,-147.87606,131.1,1974-05,2.8,10.8
USW00026411,"FAIRBANKS INTERNATIONAL AIRPORT, AK US",64.80309,-147.87606,131.1,1974-06,31,14.9
USW00026411,"FAIRBANKS INTERNATIONAL AIRPORT, AK US",64.80309,-147.87606,131.1,1974-07,29.8,17.5
USW00026411,"FAIRBANKS INTERNATIONAL AIRPORT, AK US",64.80309,-147.87606,131.1,1974-08,29.1,15.1
USW00026411,"FAIRBANKS INTERNATIONAL AIRPORT, AK US",64.80309,-147.87606,131.1,1974-09,11.9,10.8
USW00026411,"FAIRBANKS INTERNATIONAL AIRPORT, AK US",64.80309,-147.87606,131.1,1974-10,27.4,-5.9
USW00026411,"FAIRBANKS INTERNATIONAL AIRPORT, AK US",64.80309,-147.87606,131.1,1974-11,26.4,-17.5
USW00026411,"FAIRBANKS INTERNATIONAL AIRPORT, AK US",64.80309,-147.87606,131.1,1974-12,14.1,-24
USW00026411,"FAIRBANKS INTERNATIONAL AIRPORT, AK US",64.80309,-147.87606,131.1,1975-01,15.4,-26.4
USW00026411,"FAIRBANKS INTERNATIONAL AIRPORT, AK US",64.80309,-147.87606,131.1,1975-02,1,-19.7
USW00026411,"FAIRBANKS INTERNATIONAL AIRPORT, AK US",64.80309,-147.87606,131.1,1975-03,5.7,-10.8
USW00026411,"FAIRBANKS INTERNATIONAL AIRPORT, AK US",64.80309,-147.87606,131.1,1975-04,12.1,-0.9
USW00026411,"FAIRBANKS INTERNATIONAL AIRPORT, AK US",64.80309,-147.87606,131.1,1975-05,12.4,12
USW00026411,"FAIRBANKS INTERNATIONAL AIRPORT, AK US",64.80309,-147.87606,131.1,1975-06,25.3,17.4
USW00026411,"FAIRBANKS INTERNATIONAL AIRPORT, AK US",64.80309,-147.87606,131.1,1975-07,46.1,20.2
USW00026411,"FAIRBANKS INTERNATIONAL AIRPORT, AK US",64.80309,-147.87606,131.1,1975-08,53.4,13.4
USW00026411,"FAIRBANKS INTERNATIONAL AIRPORT, AK US",64.80309,-147.87606,131.1,1975-09,5.3,7.7
USW00026411,"FAIRBANKS INTERNATIONAL AIRPORT, AK US",64.80309,-147.87606,131.1,1975-10,20.3,-4.5
USW00026411,"FAIRBANKS INTERNATIONAL AIRPORT, AK US",64.80309,-147.87606,131.1,1975-11,11.3,-22.2
USW00026411,"FAIRBANKS INTERNATIONAL AIRPORT, AK US",64.80309,-147.87606,131.1,1975-12,8,-26.7
USW00026411,"FAIRBANKS INTERNATIONAL AIRPORT, AK US",64.80309,-147.87606,131.1,1976-01,5.7,-24.2
USW00026411,"FAIRBANKS INTERNATIONAL AIRPORT, AK US",64.80309,-147.87606,131.1,1976-02,0.3,-25.3
USW00026411,"FAIRBANKS INTERNATIONAL AIRPORT, AK US",64.80309,-147.87606,131.1,1976-03,14,-11.1
USW00026411,"FAIRBANKS INTERNATIONAL AIRPORT, AK US",64.80309,-147.87606,131.1,1976-04,2,2.2
USW00026411,"FAIRBANKS INTERNATIONAL AIRPORT, AK US",64.80309,-147.87606,131.1,1976-05,24,8.8
USW00026411,"FAIRBANKS INTERNATIONAL AIRPORT, AK US",64.80309,-147.87606,131.1,1976-06,27.5,15.4
USW00026411,"FAIRBANKS INTERNATIONAL AIRPORT, AK US",64.80309,-147.87606,131.1,1976-07,40.7,16.5
USW00026411,"FAIRBANKS INTERNATIONAL AIRPORT, AK US",64.80309,-147.87606,131.1,1976-08,17.5,15.1
USW00026411,"FAIRBANKS INTERNATIONAL AIRPORT, AK US",64.80309,-147.87606,131.1,1976-09,26.8,7.4
USW00026411,"FAIRBANKS INTERNATIONAL AIRPORT, AK US",64.80309,-147.87606,131.1,1976-10,22.7,-4.5
USW00026411,"FAIRBANKS INTERNATIONAL AIRPORT, AK US",64.80309,-147.87606,131.1,1976-11,3.4,-8.9
USW00026411,"FAIRBANKS INTERNATIONAL AIRPORT, AK US",64.80309,-147.87606,131.1,1976-12,2,-19.9
USW00026411,"FAIRBANKS INTERNATIONAL AIRPORT, AK US",64.80309,-147.87606,131.1,1977-01,7.9,-12.4
USW00026411,"FAIRBANKS INTERNATIONAL AIRPORT, AK US",64.80309,-147.87606,131.1,1977-02,20.6,-13
USW00026411,"FAIRBANKS INTERNATIONAL AIRPORT, AK US",64.80309,-147.87606,131.1,1977-03,6.7,-15.2
USW00026411,"FAIRBANKS INTERNATIONAL AIRPORT, AK US",64.80309,-147.87606,131.1,1977-04,9.2,-2.3
USW00026411,"FAIRBANKS INTERNATIONAL AIRPORT, AK US",64.80309,-147.87606,131.1,1977-05,41.6,9.3
USW00026411,"FAIRBANKS INTERNATIONAL AIRPORT, AK US",64.80309,-147.87606,131.1,1977-06,76.5,15.3
USW00026411,"FAIRBANKS INTERNATIONAL AIRPORT, AK US",64.80309,-147.87606,131.1,1977-07,40.2,17.1
USW00026411,"FAIRBANKS INTERNATIONAL AIRPORT, AK US",64.80309,-147.87606,131.1,1977-08,10.5,17
USW00026411,"FAIRBANKS INTERNATIONAL AIRPORT, AK US",64.80309,-147.87606,131.1,1977-09,63.9,7.6
USW00026411,"FAIRBANKS INTERNATIONAL AIRPORT, AK US",64.80309,-147.87606,131.1,1977-10,28.3,-3.6
USW00026411,"FAIRBANKS INTERNATIONAL AIRPORT, AK US",64.80309,-147.87606,131.1,1977-11,4.9,-22
USW00026411,"FAIRBANKS INTERNATIONAL AIRPORT, AK US",64.80309,-147.87606,131.1,1977-12,20.4,-26.1
USW00026411,"FAIRBANKS INTERNATIONAL AIRPORT, AK US",64.80309,-147.87606,131.1,1978-01,10,-17.7
USW00026411,"FAIRBANKS INTERNATIONAL AIRPORT, AK US",64.80309,-147.87606,131.1,1978-02,5,-15.6
USW00026411,"FAIRBANKS INTERNATIONAL AIRPORT, AK US",64.80309,-147.87606,131.1,1978-03,2.3,-10
USW00026411,"FAIRBANKS INTERNATIONAL AIRPORT, AK US",64.80309,-147.87606,131.1,1978-04,4.2,1.6
USW00026411,"FAIRBANKS INTERNATIONAL AIRPORT, AK US",64.80309,-147.87606,131.1,1978-05,11.3,10.1
USW00026411,"FAIRBANKS INTERNATIONAL AIRPORT, AK US",64.80309,-147.87606,131.1,1978-06,43.6,12.6
USW00026411,"FAIRBANKS INTERNATIONAL AIRPORT, AK US",64.80309,-147.87606,131.1,1978-07,30.3,17.5
USW00026411,"FAIRBANKS INTERNATIONAL AIRPORT, AK US",64.80309,-147.87606,131.1,1978-08,31.5,15.2
USW00026411,"FAIRBANKS INTERNATIONAL AIRPORT, AK US",64.80309,-147.87606,131.1,1978-09,25,8.2
USW00026411,"FAIRBANKS INTERNATIONAL AIRPORT, AK US",64.80309,-147.87606,131.1,1978-10,15.2,-4.9
USW00026411,"FAIRBANKS INTERNATIONAL AIRPORT, AK US",64.80309,-147.87606,131.1,1978-11,26,-13.1
USW00026411,"FAIRBANKS INTERNATIONAL AIRPORT, AK US",64.80309,-147.87606,131.1,1978-12,35.7,-16
USW00026411,"FAIRBANKS INTERNATIONAL AIRPORT, AK US",64.80309,-147.87606,131.1,1979-01,14.8,-22
USW00026411,"FAIRBANKS INTERNATIONAL AIRPORT, AK US",64.80309,-147.87606,131.1,1979-02,0.5,-31.8
USW00026411,"FAIRBANKS INTERNATIONAL AIRPORT, AK US",64.80309,-147.87606,131.1,1979-03,12.1,-11.1
USW00026411,"FAIRBANKS INTERNATIONAL AIRPORT, AK US",64.80309,-147.87606,131.1,1979-04,21.2,-0.6
USW00026411,"FAIRBANKS INTERNATIONAL AIRPORT, AK US",64.80309,-147.87606,131.1,1979-05,22.5,9.9
USW00026411,"FAIRBANKS INTERNATIONAL AIRPORT, AK US",64.80309,-147.87606,131.1,1979-06,39.1,14.1
USW00026411,"FAIRBANKS INTERNATIONAL AIRPORT, AK US",64.80309,-147.87606,131.1,1979-07,64.6,16.3
USW00026411,"FAIRBANKS INTERNATIONAL AIRPORT, AK US",64.80309,-147.87606,131.1,1979-08,31,15.8
USW00026411,"FAIRBANKS INTERNATIONAL AIRPORT, AK US",64.80309,-147.87606,131.1,1979-09,5,8
USW00026411,"FAIRBANKS INTERNATIONAL AIRPORT, AK US",64.80309,-147.87606,131.1,1979-10,23.8,0.2
USW00026411,"FAIRBANKS INTERNATIONAL AIRPORT, AK US",64.80309,-147.87606,131.1,1979-11,16.3,-6.6
USW00026411,"FAIRBANKS INTERNATIONAL AIRPORT, AK US",64.80309,-147.87606,131.1,1979-12,12.7,-23.4
USW00026411,"FAIRBANKS INTERNATIONAL AIRPORT, AK US",64.80309,-147.87606,131.1,1980-01,13.4,-23
USW00026411,"FAIRBANKS INTERNATIONAL AIRPORT, AK US",64.80309,-147.87606,131.1,1980-02,5.6,-8.9
USW00026411,"FAIRBANKS INTERNATIONAL AIRPORT, AK US",64.80309,-147.87606,131.1,1980-03,3.3,-8.2
USW00026411,"FAIRBANKS INTERNATIONAL AIRPORT, AK US",64.80309,-147.87606,131.1,1980-04,2.6,2.2
USW00026411,"FAIRBANKS INTERNATIONAL AIRPORT, AK US",64.80309,-147.87606,131.1,1980-05,8,10.4
USW00026411,"FAIRBANKS INTERNATIONAL AIRPORT, AK US",64.80309,-147.87606,131.1,1980-06,35.3,13.6
USW00026411,"FAIRBANKS INTERNATIONAL AIRPORT, AK US",64.80309,-147.87606,131.1,1980-07,35.2,16.1
USW00026411,"FAIRBANKS INTERNATIONAL AIRPORT, AK US",64.80309,-147.87606,131.1,1980-08,42.9,12
USW00026411,"FAIRBANKS INTERNATIONAL AIRPORT, AK US",64.80309,-147.87606,131.1,1980-09,19.4,6.1
USW00026411,"FAIRBANKS INTERNATIONAL AIRPORT, AK US",64.80309,-147.87606,131.1,1980-10,10.1,0.5
USW00026411,"FAIRBANKS INTERNATIONAL AIRPORT, AK US",64.80309,-147.87606,131.1,1980-11,17.8,-11.4
USW00026411,"FAIRBANKS INTERNATIONAL AIRPORT, AK US",64.80309,-147.87606,131.1,1980-12,8.2,-31.1
USW00026411,"FAIRBANKS INTERNATIONAL AIRPORT, AK US",64.80309,-147.87606,131.1,1981-01,7.9,-7.7
USW00026411,"FAIRBANKS INTERNATIONAL AIRPORT, AK US",64.80309,-147.87606,131.1,1981-02,19.9,-14.9
USW00026411,"FAIRBANKS INTERNATIONAL AIRPORT, AK US",64.80309,-147.87606,131.1,1981-03,1.8,-2.7
USW00026411,"FAIRBANKS INTERNATIONAL AIRPORT, AK US",64.80309,-147.87606,131.1,1981-04,8.2,-0.3
USW00026411,"FAIRBANKS INTERNATIONAL AIRPORT, AK US",64.80309,-147.87606,131.1,1981-05,18.6,10.7
USW00026411,"FAIRBANKS INTERNATIONAL AIRPORT, AK US",64.80309,-147.87606,131.1,1981-06,48.7,15
USW00026411,"FAIRBANKS INTERNATIONAL AIRPORT, AK US",64.80309,-147.87606,131.1,1981-07,61.4,13.6
USW00026411,"FAIRBANKS INTERNATIONAL AIRPORT, AK US",64.80309,-147.87606,131.1,1981-08,34.6,12
USW00026411,"FAIRBANKS INTERNATIONAL AIRPORT, AK US",64.80309,-147.87606,131.1,1981-09,20.4,6.7
USW00026411,"FAIRBANKS INTERNATIONAL AIRPORT, AK US",64.80309,-147.87606,131.1,1981-10,23.1,-1.4
USW00026411,"FAIRBANKS INTERNATIONAL AIRPORT, AK US",64.80309,-147.87606,131.1,1981-11,23.2,-10.9
USW00026411,"FAIRBANKS INTERNATIONAL AIRPORT, AK US",64.80309,-147.87606,131.1,1981-12,15,-20.1
USW00026411,"FAIRBANKS INTERNATIONAL AIRPORT, AK US",64.80309,-147.87606,131.1,1982-01,8.8,-27.8
USW00026411,"FAIRBANKS INTERNATIONAL AIRPORT, AK US",64.80309,-147.87606,131.1,1982-02,9.7,-19.9
USW00026411,"FAIRBANKS INTERNATIONAL AIRPORT, AK US",64.80309,-147.87606,131.1,1982-03,9.8,-10.5
USW00026411,"FAIRBANKS INTERNATIONAL AIRPORT, AK US",64.80309,-147.87606,131.1,1982-04,23.6,-2.4
USW00026411,"FAIRBANKS INTERNATIONAL AIRPORT, AK US",64.80309,-147.87606,131.1,1982-05,24.7,8.2
USW00026411,"FAIRBANKS INTERNATIONAL AIRPORT, AK US",64.80309,-147.87606,131.1,1982-06,49.9,14.7
USW00026411,"FAIRBANKS INTERNATIONAL AIRPORT, AK US",64.80309,-147.87606,131.1,1982-07,59.4,17.3
USW00026411,"FAIRBANKS INTERNATIONAL AIRPORT, AK US",64.80309,-147.87606,131.1,1982-08,42.6,13.7
USW00026411,"FAIRBANKS INTERNATIONAL AIRPORT, AK US",64.80309,-147.87606,131.1,1982-09,19.4,9.6
USW00026411,"FAIRBANKS INTERNATIONAL AIRPORT, AK US",64.80309,-147.87606,131.1,1982-10,37.9,-7.5
USW00026411,"FAIRBANKS INTERNATIONAL AIRPORT, AK US",64.80309,-147.87606,131.1,1982-11,37.9,-15.3
USW00026411,"FAIRBANKS INTERNATIONAL AIRPORT, AK US",64.80309,-147.87606,131.1,1982-12,6,-16.6
USW00026411,"FAIRBANKS INTERNATIONAL AIRPORT, AK US",64.80309,-147.87606,131.1,1983-01,6.3,-23.9
USW00026411,"FAIRBANKS INTERNATIONAL AIRPORT, AK US",64.80309,-147.87606,131.1,1983-02,4.6,-15.9
USW00026411,"FAIRBANKS INTERNATIONAL AIRPORT, AK US",64.80309,-147.87606,131.1,1983-03,2.3,-10.1
USW00026411,"FAIRBANKS INTERNATIONAL AIRPORT, AK US",64.80309,-147.87606,131.1,1983-04,7,2.9
USW00026411,"FAIRBANKS INTERNATIONAL AIRPORT, AK US",64.80309,-147.87606,131.1,1983-05,3.8,10.2
USW00026411,"FAIRBANKS INTERNATIONAL AIRPORT, AK US",64.80309,-147.87606,131.1,1983-06,14.4,16.8
USW00026411,"FAIRBANKS INTERNATIONAL AIRPORT, AK US",64.80309,-147.87606,131.1,1983-07,43.6,17.9
USW00026411,"FAIRBANKS INTERNATIONAL AIRPORT, AK US",64.80309,-147.87606,131.1,1983-08,84.9,11.9
USW00026411,"FAIRBANKS INTERNATIONAL AIRPORT, AK US",64.80309,-147.87606,131.1,1983-09,23.5,5.1
USW00026411,"FAIRBANKS INTERNATIONAL AIRPORT, AK US",64.80309,-147.87606,131.1,1983-10,55.8,-4.7
USW00026411,"FAIRBANKS INTERNATIONAL AIRPORT, AK US",64.80309,-147.87606,131.1,1983-11,2.1,-13
USW00026411,"FAIRBANKS INTERNATIONAL AIRPORT, AK US",64.80309,-147.87606,131.1,1983-12,16.7,-19.8
USW00026411,"FAIRBANKS INTERNATIONAL AIRPORT, AK US",64.80309,-147.87606,131.1,1984-01,22.6,-21
USW00026411,"FAIRBANKS INTERNATIONAL AIRPORT, AK US",64.80309,-147.87606,131.1,1984-02,16.5,-25.2
USW00026411,"FAIRBANKS INTERNATIONAL AIRPORT, AK US",64.80309,-147.87606,131.1,1984-03,0.8,-5.8
USW00026411,"FAIRBANKS INTERNATIONAL AIRPORT, AK US",64.80309,-147.87606,131.1,1984-04,12,-1
USW00026411,"FAIRBANKS INTERNATIONAL AIRPORT, AK US",64.80309,-147.87606,131.1,1984-05,29.8,8.4
USW00026411,"FAIRBANKS INTERNATIONAL AIRPORT, AK US",64.80309,-147.87606,131.1,1984-06,12.3,16.4
USW00026411,"FAIRBANKS INTERNATIONAL AIRPORT, AK US",64.80309,-147.87606,131.1,1984-07,75.3,16
USW00026411,"FAIRBANKS INTERNATIONAL AIRPORT, AK US",64.80309,-147.87606,131.1,1984-08,29.6,12.1
USW00026411,"FAIRBANKS INTERNATIONAL AIRPORT, AK US",64.80309,-147.87606,131.1,1984-09,5.6,8.2
USW00026411,"FAIRBANKS INTERNATIONAL AIRPORT, AK US",64.80309,-147.87606,131.1,1984-10,17.7,-3.4
USW00026411,"FAIRBANKS INTERNATIONAL AIRPORT, AK US",64.80309,-147.87606,131.1,1984-11,10.6,-17.7
USW00026411,"FAIRBANKS INTERNATIONAL AIRPORT, AK US",64.80309,-147.87606,131.1,1984-12,82.2,-19.5
USW00026411,"FAIRBANKS INTERNATIONAL AIRPORT, AK US",64.80309,-147.87606,131.1,1985-01,13.2,-11.7
USW00026411,"FAIRBANKS INTERNATIONAL AIRPORT, AK US",64.80309,-147.87606,131.1,1985-02,12.3,-23
USW00026411,"FAIRBANKS INTERNATIONAL AIRPORT, AK US",64.80309,-147.87606,131.1,1985-03,14.4,-9.7
USW00026411,"FAIRBANKS INTERNATIONAL AIRPORT, AK US",64.80309,-147.87606,131.1,1985-04,9.3,-6.3
USW00026411,"FAIRBANKS INTERNATIONAL AIRPORT, AK US",64.80309,-147.87606,131.1,1985-05,10.5,8.2
USW00026411,"FAIRBANKS INTERNATIONAL AIRPORT, AK US",64.80309,-147.87606,131.1,1985-06,45.9,14.3
USW00026411,"FAIRBANKS INTERNATIONAL AIRPORT, AK US",64.80309,-147.87606,131.1,1985-07,28.7,17.3
USW00026411,"FAIRBANKS INTERNATIONAL AIRPORT, AK US",64.80309,-147.87606,131.1,1985-08,47.6,13.5
USW00026411,"FAIRBANKS INTERNATIONAL AIRPORT, AK US",64.80309,-147.87606,131.1,1985-09,65.8,6.1
USW00026411,"FAIRBANKS INTERNATIONAL AIRPORT, AK US",64.80309,-147.87606,131.1,1985-10,25.6,-7.4
USW00026411,"FAIRBANKS INTERNATIONAL AIRPORT, AK US",64.80309,-147.87606,131.1,1985-11,23,-20.4
USW00026411,"FAIRBANKS INTERNATIONAL AIRPORT, AK US",64.80309,-147.87606,131.1,1985-12,2.2,-13.5
USW00026411,"FAIRBANKS INTERNATIONAL AIRPORT, AK US",64.80309,-147.87606,131.1,1986-01,3.3,-18.9
USW00026411,"FAIRBANKS INTERNATIONAL AIRPORT, AK US",64.80309,-147.87606,131.1,1986-02,5,-15.2
USW00026411,"FAIRBANKS INTERNATIONAL AIRPORT, AK US",64.80309,-147.87606,131.1,1986-03,8.2,-14.4
USW00026411,"FAIRBANKS INTERNATIONAL AIRPORT, AK US",64.80309,-147.87606,131.1,1986-04,1.8,-4.5
USW00026411,"FAIRBANKS INTERNATIONAL AIRPORT, AK US",64.80309,-147.87606,131.1,1986-05,13.9,8.8
USW00026411,"FAIRBANKS INTERNATIONAL AIRPORT, AK US",64.80309,-147.87606,131.1,1986-06,22.1,17
USW00026411,"FAIRBANKS INTERNATIONAL AIRPORT, AK US",64.80309,-147.87606,131.1,1986-07,53.9,17.5
USW00026411,"FAIRBANKS INTERNATIONAL AIRPORT, AK US",64.80309,-147.87606,131.1,1986-08,60.1,12.6
USW00026411,"FAIRBANKS INTERNATIONAL AIRPORT, AK US",64.80309,-147.87606,131.1,1986-09,16.5,7.9
USW00026411,"FAIRBANKS INTERNATIONAL AIRPORT, AK US",64.80309,-147.87606,131.1,1986-10,45.5,-2.7
USW00026411,"FAIRBANKS INTERNATIONAL AIRPORT, AK US",64.80309,-147.87606,131.1,1986-11,12.1,-17.7
USW00026411,"FAIRBANKS INTERNATIONAL AIRPORT, AK US",64.80309,-147.87606,131.1,1986-12,8.7,-13.7
USW00026411,"FAIRBANKS INTERNATIONAL AIRPORT, AK US",64.80309,-147.87606,131.1,1987-01,17.2,-17.4
USW00026411,"FAIRBANKS INTERNATIONAL AIRPORT, AK US",64.80309,-147.87606,131.1,1987-02,2.7,-17
USW00026411,"FAIRBANKS INTERNATIONAL AIRPORT, AK US",64.80309,-147.87606,131.1,1987-03,0,-10.3
USW00026411,"FAIRBANKS INTERNATIONAL AIRPORT, AK US",64.80309,-147.87606,131.1,1987-04,1.3,1.6
USW00026411,"FAIRBANKS INTERNATIONAL AIRPORT, AK US",64.80309,-147.87606,131.1,1987-05,5.4,10.5
USW00026411,"FAIRBANKS INTERNATIONAL AIRPORT, AK US",64.80309,-147.87606,131.1,1987-06,26.1,16.6
USW00026411,"FAIRBANKS INTERNATIONAL AIRPORT, AK US",64.80309,-147.87606,131.1,1987-07,43.1,17.9
USW00026411,"FAIRBANKS INTERNATIONAL AIRPORT, AK US",64.80309,-147.87606,131.1,1987-08,14.4,14.3
USW00026411,"FAIRBANKS INTERNATIONAL AIRPORT, AK US",64.80309,-147.87606,131.1,1987-09,14.4,6.7
USW00026411,"FAIRBANKS INTERNATIONAL AIRPORT, AK US",64.80309,-147.87606,131.1,1987-10,10.1,0.5
USW00026411,"FAIRBANKS INTERNATIONAL AIRPORT, AK US",64.80309,-147.87606,131.1,1987-11,16.6,-14.5
USW00026411,"FAIRBANKS INTERNATIONAL AIRPORT, AK US",64.80309,-147.87606,131.1,1987-12,13.2,-19.5
USW00026411,"FAIRBANKS INTERNATIONAL AIRPORT, AK US",64.80309,-147.87606,131.1,1988-01,8.3,-20.7
USW00026411,"FAIRBANKS INTERNATIONAL AIRPORT, AK US",64.80309,-147.87606,131.1,1988-02,3.3,-15.6
USW00026411,"FAIRBANKS INTERNATIONAL AIRPORT, AK US",64.80309,-147.87606,131.1,1988-03,3.3,-7.9
USW00026411,"FAIRBANKS INTERNATIONAL AIRPORT, AK US",64.80309,-147.87606,131.1,1988-04,5.4,0.9
USW00026411,"FAIRBANKS INTERNATIONAL AIRPORT, AK US",64.80309,-147.87606,131.1,1988-05,38.4,11.6
USW00026411,"FAIRBANKS INTERNATIONAL AIRPORT, AK US",64.80309,-147.87606,131.1,1988-06,57.5,17.1
USW00026411,"FAIRBANKS INTERNATIONAL AIRPORT, AK US",64.80309,-147.87606,131.1,1988-07,25.9,18.8
USW00026411,"FAIRBANKS INTERNATIONAL AIRPORT, AK US",64.80309,-147.87606,131.1,1988-08,49.6,14.6
USW00026411,"FAIRBANKS INTERNATIONAL AIRPORT, AK US",64.80309,-147.87606,131.1,1988-09,18.5,6.9
USW00026411,"FAIRBANKS INTERNATIONAL AIRPORT, AK US",64.80309,-147.87606,131.1,1988-10,27.3,-8.1
USW00026411,"FAIRBANKS INTERNATIONAL AIRPORT, AK US",64.80309,-147.87606,131.1,1988-11,17.5,-19.5
USW00026411,"FAIRBANKS INTERNATIONAL AIRPORT, AK US",64.80309,-147.87606,131.1,1988-12,11.9,-15.4
USW00026411,"FAIRBANKS INTERNATIONAL AIRPORT, AK US",64.80309,-147.87606,131.1,1989-01,13.5,-29.6
USW00026411,"FAIRBANKS INTERNATIONAL AIRPORT, AK US",64.80309,-147.87606,131.1,1989-02,25.1,-15.9
USW00026411,"FAIRBANKS INTERNATIONAL AIRPORT, AK US",64.80309,-147.87606,131.1,1989-03,3.3,-14.1
USW00026411,"FAIRBANKS INTERNATIONAL AIRPORT, AK US",64.80309,-147.87606,131.1,1989-04,1.3,2.3
USW00026411,"FAIRBANKS INTERNATIONAL AIRPORT, AK US",64.80309,-147.87606,131.1,1989-05,25.1,8.8
USW00026411,"FAIRBANKS INTERNATIONAL AIRPORT, AK US",64.80309,-147.87606,131.1,1989-06,64.4,15.6
USW00026411,"FAIRBANKS INTERNATIONAL AIRPORT, AK US",64.80309,-147.87606,131.1,1989-07,23.1,18.1
USW00026411,"FAIRBANKS INTERNATIONAL AIRPORT, AK US",64.80309,-147.87606,131.1,1989-08,19.9,16
USW00026411,"FAIRBANKS INTERNATIONAL AIRPORT, AK US",64.80309,-147.87606,131.1,1989-09,18.3,9.2
USW00026411,"FAIRBANKS INTERNATIONAL AIRPORT, AK US",64.80309,-147.87606,131.1,1989-10,32.6,-3.2
USW00026411,"FAIRBANKS INTERNATIONAL AIRPORT, AK US",64.80309,-147.87606,131.1,1989-11,24.8,-21.7
USW00026411,"FAIRBANKS INTERNATIONAL AIRPORT, AK US",64.80309,-147.87606,131.1,1989-12,14.4,-15.3
USW00026411,"FAIRBANKS INTERNATIONAL AIRPORT, AK US",64.80309,-147.87606,131.1,1990-01,13.2,-24.9
USW00026411,"FAIRBANKS INTERNATIONAL AIRPORT, AK US",64.80309,-147.87606,131.1,1990-02,18.5,-29.8
USW00026411,"FAIRBANKS INTERNATIONAL AIRPORT, AK US",64.80309,-147.87606,131.1,1990-03,2.8,-7.5
USW00026411,"FAIRBANKS INTERNATIONAL AIRPORT, AK US",64.80309,-147.87606,131.1,1990-04,1.8,3.4
USW00026411,"FAIRBANKS INTERNATIONAL AIRPORT, AK US",64.80309,-147.87606,131.1,1990-05,10.2,12.8
USW00026411,"FAIRBANKS INTERNATIONAL AIRPORT, AK US",64.80309,-147.87606,131.1,1990-06,44.1,16.4
USW00026411,"FAIRBANKS INTERNATIONAL AIRPORT, AK US",64.80309,-147.87606,131.1,1990-07,123.9,18.5
USW00026411,"FAIRBANKS INTERNATIONAL AIRPORT, AK US",64.80309,-147.87606,131.1,1990-08,91.7,15.6
USW00026411,"FAIRBANKS INTERNATIONAL AIRPORT, AK US",64.80309,-147.87606,131.1,1990-09,44.3,7.1
USW00026411,"FAIRBANKS INTERNATIONAL AIRPORT, AK US",64.80309,-147.87606,131.1,1990-10,7.9,-4.4
USW00026411,"FAIRBANKS INTERNATIONAL AIRPORT, AK US",64.80309,-147.87606,131.1,1990-11,38.5,-20.5
USW00026411,"FAIRBANKS INTERNATIONAL AIRPORT, AK US",64.80309,-147.87606,131.1,1990-12,74.7,-21.2
USW00026411,"FAIRBANKS INTERNATIONAL AIRPORT, AK US",64.80309,-147.87606,131.1,1991-01,29.8,-20.3
USW00026411,"FAIRBANKS INTERNATIONAL AIRPORT, AK US",64.80309,-147.87606,131.1,1991-02,4.5,-18.4
USW00026411,"FAIRBANKS INTERNATIONAL AIRPORT, AK US",64.80309,-147.87606,131.1,1991-03,56.8,-11.2
USW00026411,"FAIRBANKS INTERNATIONAL AIRPORT, AK US",64.80309,-147.87606,131.1,1991-04,0,1.9
USW00026411,"FAIRBANKS INTERNATIONAL AIRPORT, AK US",64.80309,-147.87606,131.1,1991-05,2.7,10.6
USW00026411,"FAIRBANKS INTERNATIONAL AIRPORT, AK US",64.80309,-147.87606,131.1,1991-06,9,17.7
USW00026411,"FAIRBANKS INTERNATIONAL AIRPORT, AK US",64.80309,-147.87606,131.1,1991-07,20.8,15.9
USW00026411,"FAIRBANKS INTERNATIONAL AIRPORT, AK US",64.80309,-147.87606,131.1,1991-08,30.1,12.4
USW00026411,"FAIRBANKS INTERNATIONAL AIRPORT, AK US",64.80309,-147.87606,131.1,1991-09,29.4,8.9
USW00026411,"FAIRBANKS INTERNATIONAL AIRPORT, AK US",64.80309,-147.87606,131.1,1991-10,18.2,-4
USW00026411,"FAIRBANKS INTERNATIONAL AIRPORT, AK US",64.80309,-147.87606,131.1,1991-11,12.2,-17.5
USW00026411,"FAIRBANKS INTERNATIONAL AIRPORT, AK US",64.80309,-147.87606,131.1,1991-12,25.9,-19.3
USW00026411,"FAIRBANKS INTERNATIONAL AIRPORT, AK US",64.80309,-147.87606,131.1,1992-01,21.9,-20.4
USW00026411,"FAIRBANKS INTERNATIONAL AIRPORT, AK US",64.80309,-147.87606,131.1,1992-02,17,-22.6
USW00026411,"FAIRBANKS INTERNATIONAL AIRPORT, AK US",64.80309,-147.87606,131.1,1992-03,1.8,-10
USW00026411,"FAIRBANKS INTERNATIONAL AIRPORT, AK US",64.80309,-147.87606,131.1,1992-04,11.9,-3.3
USW00026411,"FAIRBANKS INTERNATIONAL AIRPORT, AK US",64.80309,-147.87606,131.1,1992-05,31.2,5.4
USW00026411,"FAIRBANKS INTERNATIONAL AIRPORT, AK US",64.80309,-147.87606,131.1,1992-06,54.6,15.6
USW00026411,"FAIRBANKS INTERNATIONAL AIRPORT, AK US",64.80309,-147.87606,131.1,1992-07,59,17.8
USW00026411,"FAIRBANKS INTERNATIONAL AIRPORT, AK US",64.80309,-147.87606,131.1,1992-08,15.1,13.6
USW00026411,"FAIRBANKS INTERNATIONAL AIRPORT, AK US",64.80309,-147.87606,131.1,1992-09,34.1,-0.2
USW00026411,"FAIRBANKS INTERNATIONAL AIRPORT, AK US",64.80309,-147.87606,131.1,1992-10,23.1,-8.1
USW00026411,"FAIRBANKS INTERNATIONAL AIRPORT, AK US",64.80309,-147.87606,131.1,1992-11,23.8,-12
USW00026411,"FAIRBANKS INTERNATIONAL AIRPORT, AK US",64.80309,-147.87606,131.1,1992-12,30.9,-22
USW00026411,"FAIRBANKS INTERNATIONAL AIRPORT, AK US",64.80309,-147.87606,131.1,1993-01,61.1,-19.9
USW00026411,"FAIRBANKS INTERNATIONAL AIRPORT, AK US",64.80309,-147.87606,131.1,1993-02,8,-16.5
USW00026411,"FAIRBANKS INTERNATIONAL AIRPORT, AK US",64.80309,-147.87606,131.1,1993-03,6.7,-8.2
USW00026411,"FAIRBANKS INTERNATIONAL AIRPORT, AK US",64.80309,-147.87606,131.1,1993-04,0.8,5.1
USW00026411,"FAIRBANKS INTERNATIONAL AIRPORT, AK US",64.80309,-147.87606,131.1,1993-05,16.1,12
USW00026411,"FAIRBANKS INTERNATIONAL AIRPORT, AK US",64.80309,-147.87606,131.1,1993-06,31.5,16.6
USW00026411,"FAIRBANKS INTERNATIONAL AIRPORT, AK US",64.80309,-147.87606,131.1,1993-07,8.9,18.7
USW00026411,"FAIRBANKS INTERNATIONAL AIRPORT, AK US",64.80309,-147.87606,131.1,1993-08,40,13.4
USW00026411,"FAIRBANKS INTERNATIONAL AIRPORT, AK US",64.80309,-147.87606,131.1,1993-09,66.8,6.7
USW00026411,"FAIRBANKS INTERNATIONAL AIRPORT, AK US",64.80309,-147.87606,131.1,1993-10,15.6,-1.5
USW00026411,"FAIRBANKS INTERNATIONAL AIRPORT, AK US",64.80309,-147.87606,131.1,1993-11,21.8,-13.1
USW00026411,"FAIRBANKS INTERNATIONAL AIRPORT, AK US",64.80309,-147.87606,131.1,1993-12,11,-17.4
USW00026411,"FAIRBANKS INTERNATIONAL AIRPORT, AK US",64.80309,-147.87606,131.1,1994-01,11.9,-18.6
USW00026411,"FAIRBANKS INTERNATIONAL AIRPORT, AK US",64.80309,-147.87606,131.1,1994-02,8.1,-21.3
USW00026411,"FAIRBANKS INTERNATIONAL AIRPORT, AK US",64.80309,-147.87606,131.1,1994-03,4.3,-12
USW00026411,"FAIRBANKS INTERNATIONAL AIRPORT, AK US",64.80309,-147.87606,131.1,1994-04,1.9,1.5
USW00026411,"FAIRBANKS INTERNATIONAL AIRPORT, AK US",64.80309,-147.87606,131.1,1994-05,5.6,10.9
USW00026411,"FAIRBANKS INTERNATIONAL AIRPORT, AK US",64.80309,-147.87606,131.1,1994-06,61.4,14.7
USW00026411,"FAIRBANKS INTERNATIONAL AIRPORT, AK US",64.80309,-147.87606,131.1,1994-07,28.3,18.2
USW00026411,"FAIRBANKS INTERNATIONAL AIRPORT, AK US",64.80309,-147.87606,131.1,1994-08,35.1,15.3
USW00026411,"FAIRBANKS INTERNATIONAL AIRPORT, AK US",64.80309,-147.87606,131.1,1994-09,15.5,6.5
USW00026411,"FAIRBANKS INTERNATIONAL AIRPORT, AK US",64.80309,-147.87606,131.1,1994-10,21,-6.1
USW00026411,"FAIRBANKS INTERNATIONAL AIRPORT, AK US",64.80309,-147.87606,131.1,1994-11,42.7,-17.6
USW00026411,"FAIRBANKS INTERNATIONAL AIRPORT, AK US",64.80309,-147.87606,131.1,1994-12,12.1,-22.5
USW00026411,"FAIRBANKS INTERNATIONAL AIRPORT, AK US",64.80309,-147.87606,131.1,1995-01,6.5,-23
USW00026411,"FAIRBANKS INTERNATIONAL AIRPORT, AK US",64.80309,-147.87606,131.1,1995-02,7.4,-17.9
USW00026411,"FAIRBANKS INTERNATIONAL AIRPORT, AK US",64.80309,-147.87606,131.1,1995-03,4.7,-15.7
USW00026411,"FAIRBANKS INTERNATIONAL AIRPORT, AK US",64.80309,-147.87606,131.1,1995-04,4.3,4.5
USW00026411,"FAIRBANKS INTERNATIONAL AIRPORT, AK US",64.80309,-147.87606,131.1,1995-05,18.6,11.9
USW00026411,"FAIRBANKS INTERNATIONAL AIRPORT, AK US",64.80309,-147.87606,131.1,1995-06,48.7,16
USW00026411,"FAIRBANKS INTERNATIONAL AIRPORT, AK US",64.80309,-147.87606,131.1,1995-07,33.5,17.3
USW00026411,"FAIRBANKS INTERNATIONAL AIRPORT, AK US",64.80309,-147.87606,131.1,1995-08,53.3,14
USW00026411,"FAIRBANKS INTERNATIONAL AIRPORT, AK US",64.80309,-147.87606,131.1,1995-09,33.9,11.5
USW00026411,"FAIRBANKS INTERNATIONAL AIRPORT, AK US",64.80309,-147.87606,131.1,1995-10,8,-2.2
USW00026411,"FAIRBANKS INTERNATIONAL AIRPORT, AK US",64.80309,-147.87606,131.1,1995-11,5.1,-19.3
USW00026411,"FAIRBANKS INTERNATIONAL AIRPORT, AK US",64.80309,-147.87606,131.1,1995-12,1.5,-22.8
USW00026411,"FAIRBANKS INTERNATIONAL AIRPORT, AK US",64.80309,-147.87606,131.1,1996-01,8.2,-27.2
USW00026411,"FAIRBANKS INTERNATIONAL AIRPORT, AK US",64.80309,-147.87606,131.1,1996-02,35.8,-19.2
USW00026411,"FAIRBANKS INTERNATIONAL AIRPORT, AK US",64.80309,-147.87606,131.1,1996-03,13.6,-9.2
USW00026411,"FAIRBANKS INTERNATIONAL AIRPORT, AK US",64.80309,-147.87606,131.1,1996-04,1.3,0.7
USW00026411,"FAIRBANKS INTERNATIONAL AIRPORT, AK US",64.80309,-147.87606,131.1,1996-05,3.5,9.5
USW00026411,"FAIRBANKS INTERNATIONAL AIRPORT, AK US",64.80309,-147.87606,131.1,1996-06,39.6,15.2
USW00026411,"FAIRBANKS INTERNATIONAL AIRPORT, AK US",64.80309,-147.87606,131.1,1996-07,27.2,17.4
USW00026411,"FAIRBANKS INTERNATIONAL AIRPORT, AK US",64.80309,-147.87606,131.1,1996-08,71.9,11.9
USW00026411,"FAIRBANKS INTERNATIONAL AIRPORT, AK US",64.80309,-147.87606,131.1,1996-09,26.9,5.6
USW00026411,"FAIRBANKS INTERNATIONAL AIRPORT, AK US",64.80309,-147.87606,131.1,1996-10,28.8,-10.4
USW00026411,"FAIRBANKS INTERNATIONAL AIRPORT, AK US",64.80309,-147.87606,131.1,1996-11,20.8,-18.9
USW00026411,"FAIRBANKS INTERNATIONAL AIRPORT, AK US",64.80309,-147.87606,131.1,1996-12,11.8,-25.2
USW00026411,"FAIRBANKS INTERNATIONAL AIRPORT, AK US",64.80309,-147.87606,131.1,1997-01,6.5,-26.8
USW00026411,"FAIRBANKS INTERNATIONAL AIRPORT, AK US",64.80309,-147.87606,131.1,1997-02,8.6,-10.6
USW00026411,"FAIRBANKS INTERNATIONAL AIRPORT, AK US",64.80309,-147.87606,131.1,1997-03,1.7,-15.2
USW00026411,"FAIRBANKS INTERNATIONAL AIRPORT, AK US",64.80309,-147.87606,131.1,1997-04,0.3,1.9
USW00026411,"FAIRBANKS INTERNATIONAL AIRPORT, AK US",64.80309,-147.87606,131.1,1997-05,1.9,9.5
USW00026411,"FAIRBANKS INTERNATIONAL AIRPORT, AK US",64.80309,-147.87606,131.1,1997-06,26.2,17.3
USW00026411,"FAIRBANKS INTERNATIONAL AIRPORT, AK US",64.80309,-147.87606,131.1,1997-07,27.5,18.2
USW00026411,"FAIRBANKS INTERNATIONAL AIRPORT, AK US",64.80309,-147.87606,131.1,1997-08,43.5,14.8
USW00026411,"FAIRBANKS INTERNATIONAL AIRPORT, AK US",64.80309,-147.87606,131.1,1997-09,12.2,9.8
USW00026411,"FAIRBANKS INTERNATIONAL AIRPORT, AK US",64.80309,-147.87606,131.1,1997-10,24.1,-8.1
USW00026411,"FAIRBANKS INTERNATIONAL AIRPORT, AK US",64.80309,-147.87606,131.1,1997-11,6.7,-11.9
USW00026411,"FAIRBANKS INTERNATIONAL AIRPORT, AK US",64.80309,-147.87606,131.1,1997-12,13.4,-21.7
USW00026411,"FAIRBANKS INTERNATIONAL AIRPORT, AK US",64.80309,-147.87606,131.1,1998-01,2.1,-25.3
USW00026411,"FAIRBANKS INTERNATIONAL AIRPORT, AK US",64.80309,-147.87606,131.1,1998-02,2.9,-16.6
USW00026411,"FAIRBANKS INTERNATIONAL AIRPORT, AK US",64.80309,-147.87606,131.1,1998-03,0,-7.6
USW00026411,"FAIRBANKS INTERNATIONAL AIRPORT, AK US",64.80309,-147.87606,131.1,1998-04,1.3,3.6
USW00026411,"FAIRBANKS INTERNATIONAL AIRPORT, AK US",64.80309,-147.87606,131.1,1998-05,10.7,10
USW00026411,"FAIRBANKS INTERNATIONAL AIRPORT, AK US",64.80309,-147.87606,131.1,1998-06,33.8,14.9
USW00026411,"FAIRBANKS INTERNATIONAL AIRPORT, AK US",64.80309,-147.87606,131.1,1998-07,85.6,17
USW00026411,"FAIRBANKS INTERNATIONAL AIRPORT, AK US",64.80309,-147.87606,131.1,1998-08,81.1,11.7
USW00026411,"FAIRBANKS INTERNATIONAL AIRPORT, AK US",64.80309,-147.87606,131.1,1998-09,30.3,7.8
USW00026411,"FAIRBANKS INTERNATIONAL AIRPORT, AK US",64.80309,-147.87606,131.1,1998-10,7,-3.3
USW00026411,"FAIRBANKS INTERNATIONAL AIRPORT, AK US",64.80309,-147.87606,131.1,1998-11,5.4,-15
USW00026411,"FAIRBANKS INTERNATIONAL AIRPORT, AK US",64.80309,-147.87606,131.1,1998-12,14.2,-21
USW00026411,"FAIRBANKS INTERNATIONAL AIRPORT, AK US",64.80309,-147.87606,131.1,1999-01,5.8,-27.2
USW00026411,"FAIRBANKS INTERNATIONAL AIRPORT, AK US",64.80309,-147.87606,131.1,1999-02,5.3,-27.1
USW00026411,"FAIRBANKS INTERNATIONAL AIRPORT, AK US",64.80309,-147.87606,131.1,1999-03,4.9,-13.8
USW00026411,"FAIRBANKS INTERNATIONAL AIRPORT, AK US",64.80309,-147.87606,131.1,1999-04,1.1,0.4
USW00026411,"FAIRBANKS INTERNATIONAL AIRPORT, AK US",64.80309,-147.87606,131.1,1999-05,7.9,8.3
USW00026411,"FAIRBANKS INTERNATIONAL AIRPORT, AK US",64.80309,-147.87606,131.1,1999-06,32.9,16.3
USW00026411,"FAIRBANKS INTERNATIONAL AIRPORT, AK US",64.80309,-147.87606,131.1,1999-07,53.7,16.4
USW00026411,"FAIRBANKS INTERNATIONAL AIRPORT, AK US",64.80309,-147.87606,131.1,1999-08,47,14.4
USW00026411,"FAIRBANKS INTERNATIONAL AIRPORT, AK US",64.80309,-147.87606,131.1,1999-09,46.6,7.4
USW00026411,"FAIRBANKS INTERNATIONAL AIRPORT, AK US",64.80309,-147.87606,131.1,1999-10,22.9,-7
USW00026411,"FAIRBANKS INTERNATIONAL AIRPORT, AK US",64.80309,-147.87606,131.1,1999-11,14.7,-20.4
USW00026411,"FAIRBANKS INTERNATIONAL AIRPORT, AK US",64.80309,-147.87606,131.1,1999-12,18.6,-24.9
USW00026411,"FAIRBANKS INTERNATIONAL AIRPORT, AK US",64.80309,-147.87606,131.1,2000-01,50.1,-23.3
USW00026411,"FAIRBANKS INTERNATIONAL AIRPORT, AK US",64.80309,-147.87606,131.1,2000-02,0,-14.1
USW00026411,"FAIRBANKS INTERNATIONAL AIRPORT, AK US",64.80309,-147.87606,131.1,2000-03,2.6,-8
USW00026411,"FAIRBANKS INTERNATIONAL AIRPORT, AK US",64.80309,-147.87606,131.1,2000-04,0,-0.1
USW00026411,"FAIRBANKS INTERNATIONAL AIRPORT, AK US",64.80309,-147.87606,131.1,2000-05,18.7,6.9
USW00026411,"FAIRBANKS INTERNATIONAL AIRPORT, AK US",64.80309,-147.87606,131.1,2000-06,18.4,16.4
USW00026411,"FAIRBANKS INTERNATIONAL AIRPORT, AK US",64.80309,-147.87606,131.1,2000-07,32.8,15.3
USW00026411,"FAIRBANKS INTERNATIONAL AIRPORT, AK US",64.80309,-147.87606,131.1,2000-08,77.4,10.9
USW00026411,"FAIRBANKS INTERNATIONAL AIRPORT, AK US",64.80309,-147.87606,131.1,2000-09,37.5,5.4
USW00026411,"FAIRBANKS INTERNATIONAL AIRPORT, AK US",64.80309,-147.87606,131.1,2000-10,23.2,-5.4
USW00026411,"FAIRBANKS INTERNATIONAL AIRPORT, AK US",64.80309,-147.87606,131.1,2000-11,9.5,-13
USW00026411,"FAIRBANKS INTERNATIONAL AIRPORT, AK US",64.80309,-147.87606,131.1,2000-12,4.1,-17.6
USW00026411,"FAIRBANKS INTERNATIONAL AIRPORT, AK US",64.80309,-147.87606,131.1,2001-01,10.2,-13.5
USW00026411,"FAIRBANKS INTERNATIONAL AIRPORT, AK US",64.80309,-147.87606,131.1,2001-02,17,-13.9
USW00026411,"FAIRBANKS INTERNATIONAL AIRPORT, AK US",64.80309,-147.87606,131.1,2001-03,11,-12.3
USW00026411,"FAIRBANKS INTERNATIONAL AIRPORT, AK US",64.80309,-147.87606,131.1,2001-04,4.2,0.7
USW00026411,"FAIRBANKS INTERNATIONAL AIRPORT, AK US",64.80309,-147.87606,131.1,2001-05,15.7,6.9
USW00026411,"FAIRBANKS INTERNATIONAL AIRPORT, AK US",64.80309,-147.87606,131.1,2001-06,16.4,16.1
USW00026411,"FAIRBANKS INTERNATIONAL AIRPORT, AK US",64.80309,-147.87606,131.1,2001-07,62.4,15.5
USW00026411,"FAIRBANKS INTERNATIONAL AIRPORT, AK US",64.80309,-147.87606,131.1,2001-08,51.3,14
USW00026411,"FAIRBANKS INTERNATIONAL AIRPORT, AK US",64.80309,-147.87606,131.1,2001-09,6.5,8.6
USW00026411,"FAIRBANKS INTERNATIONAL AIRPORT, AK US",64.80309,-147.87606,131.1,2001-10,14.2,-5.5
USW00026411,"FAIRBANKS INTERNATIONAL AIRPORT, AK US",64.80309,-147.87606,131.1,2001-11,1.6,-17.5
USW00026411,"FAIRBANKS INTERNATIONAL AIRPORT, AK US",64.80309,-147.87606,131.1,2001-12,6.2,-23.6
USW00026411,"FAIRBANKS INTERNATIONAL AIRPORT, AK US",64.80309,-147.87606,131.1,2002-01,14,-15.9
USW00026411,"FAIRBANKS INTERNATIONAL AIRPORT, AK US",64.80309,-147.87606,131.1,2002-02,4.6,-18.1
USW00026411,"FAIRBANKS INTERNATIONAL AIRPORT, AK US",64.80309,-147.87606,131.1,2002-03,3.6,-12.3
USW00026411,"FAIRBANKS INTERNATIONAL AIRPORT, AK US",64.80309,-147.87606,131.1,2002-04,77.9,-4.9
USW00026411,"FAIRBANKS INTERNATIONAL AIRPORT, AK US",64.80309,-147.87606,131.1,2002-05,9.7,10.2
USW00026411,"FAIRBANKS INTERNATIONAL AIRPORT, AK US",64.80309,-147.87606,131.1,2002-06,20,14.6
USW00026411,"FAIRBANKS INTERNATIONAL AIRPORT, AK US",64.80309,-147.87606,131.1,2002-07,67,16.6
USW00026411,"FAIRBANKS INTERNATIONAL AIRPORT, AK US",64.80309,-147.87606,131.1,2002-08,76.8,12.5
USW00026411,"FAIRBANKS INTERNATIONAL AIRPORT, AK US",64.80309,-147.87606,131.1,2002-09,27.8,8.5
USW00026411,"FAIRBANKS INTERNATIONAL AIRPORT, AK US",64.80309,-147.87606,131.1,2002-10,26.5,-0.1
USW00026411,"FAIRBANKS INTERNATIONAL AIRPORT, AK US",64.80309,-147.87606,131.1,2002-11,1.3,-7.1
USW00026411,"FAIRBANKS INTERNATIONAL AIRPORT, AK US",64.80309,-147.87606,131.1,2002-12,10.5,-15.1
USW00026411,"FAIRBANKS INTERNATIONAL AIRPORT, AK US",64.80309,-147.87606,131.1,2003-01,7.1,-19.6
USW00026411,"FAIRBANKS INTERNATIONAL AIRPORT, AK US",64.80309,-147.87606,131.1,2003-02,22.7,-11.7
USW00026411,"FAIRBANKS INTERNATIONAL AIRPORT, AK US",64.80309,-147.87606,131.1,2003-03,0.6,-13
USW00026411,"FAIRBANKS INTERNATIONAL AIRPORT, AK US",64.80309,-147.87606,131.1,2003-04,1.3,0.6
USW00026411,"FAIRBANKS INTERNATIONAL AIRPORT, AK US",64.80309,-147.87606,131.1,2003-05,6.9,8.4
USW00026411,"FAIRBANKS INTERNATIONAL AIRPORT, AK US",64.80309,-147.87606,131.1,2003-06,15.6,15.7
USW00026411,"FAIRBANKS INTERNATIONAL AIRPORT, AK US",64.80309,-147.87606,131.1,2003-07,151.5,15.9
USW00026411,"FAIRBANKS INTERNATIONAL AIRPORT, AK US",64.80309,-147.87606,131.1,2003-08,48.4,13.4
USW00026411,"FAIRBANKS INTERNATIONAL AIRPORT, AK US",64.80309,-147.87606,131.1,2003-09,32.4,5.4
USW00026411,"FAIRBANKS INTERNATIONAL AIRPORT, AK US",64.80309,-147.87606,131.1,2003-10,8.7,0
USW00026411,"FAIRBANKS INTERNATIONAL AIRPORT, AK US",64.80309,-147.87606,131.1,2003-11,43.1,-12.7
USW00026411,"FAIRBANKS INTERNATIONAL AIRPORT, AK US",64.80309,-147.87606,131.1,2003-12,15,-22.8
USW00026411,"FAIRBANKS INTERNATIONAL AIRPORT, AK US",64.80309,-147.87606,131.1,2004-01,8.4,-26.6
USW00026411,"FAIRBANKS INTERNATIONAL AIRPORT, AK US",64.80309,-147.87606,131.1,2004-02,8.4,-17.2
USW00026411,"FAIRBANKS INTERNATIONAL AIRPORT, AK US",64.80309,-147.87606,131.1,2004-03,7.6,-14.5
USW00026411,"FAIRBANKS INTERNATIONAL AIRPORT, AK US",64.80309,-147.87606,131.1,2004-04,0.8,1.7
USW00026411,"FAIRBANKS INTERNATIONAL AIRPORT, AK US",64.80309,-147.87606,131.1,2004-05,49.8,11.2
USW00026411,"FAIRBANKS INTERNATIONAL AIRPORT, AK US",64.80309,-147.87606,131.1,2004-06,7.9,19.4
USW00026411,"FAIRBANKS INTERNATIONAL AIRPORT, AK US",64.80309,-147.87606,131.1,2004-07,29,18
USW00026411,"FAIRBANKS INTERNATIONAL AIRPORT, AK US",64.80309,-147.87606,131.1,2004-08,9.5,16.8
USW00026411,"FAIRBANKS INTERNATIONAL AIRPORT, AK US",64.80309,-147.87606,131.1,2004-09,34.2,3.8
USW00026411,"FAIRBANKS INTERNATIONAL AIRPORT, AK US",64.80309,-147.87606,131.1,2004-10,28.4,-1.3
USW00026411,"FAIRBANKS INTERNATIONAL AIRPORT, AK US",64.80309,-147.87606,131.1,2004-11,16.1,-13.9
USW00026411,"FAIRBANKS INTERNATIONAL AIRPORT, AK US",64.80309,-147.87606,131.1,2004-12,19.2,-19.6
USW00026411,"FAIRBANKS INTERNATIONAL AIRPORT, AK US",64.80309,-147.87606,131.1,2005-01,29.7,-22.8
USW00026411,"FAIRBANKS INTERNATIONAL AIRPORT, AK US",64.80309,-147.87606,131.1,2005-02,6.3,-19.1
USW00026411,"FAIRBANKS INTERNATIONAL AIRPORT, AK US",64.80309,-147.87606,131.1,2005-03,6.6,-6.9
USW00026411,"FAIRBANKS INTERNATIONAL AIRPORT, AK US",64.80309,-147.87606,131.1,2005-04,4.6,0.1
USW00026411,"FAIRBANKS INTERNATIONAL AIRPORT, AK US",64.80309,-147.87606,131.1,2005-05,32.1,13.1
USW00026411,"FAIRBANKS INTERNATIONAL AIRPORT, AK US",64.80309,-147.87606,131.1,2005-06,49.2,16.4
USW00026411,"FAIRBANKS INTERNATIONAL AIRPORT, AK US",64.80309,-147.87606,131.1,2005-07,87.2,16.8
USW00026411,"FAIRBANKS INTERNATIONAL AIRPORT, AK US",64.80309,-147.87606,131.1,2005-08,6.2,14.1
USW00026411,"FAIRBANKS INTERNATIONAL AIRPORT, AK US",64.80309,-147.87606,131.1,2005-09,44,7.9
USW00026411,"FAIRBANKS INTERNATIONAL AIRPORT, AK US",64.80309,-147.87606,131.1,2005-10,11.5,-2.6
USW00026411,"FAIRBANKS INTERNATIONAL AIRPORT, AK US",64.80309,-147.87606,131.1,2005-11,19.1,-20.6
USW00026411,"FAIRBANKS INTERNATIONAL AIRPORT, AK US",64.80309,-147.87606,131.1,2005-12,3.9,-17.3
USW00026411,"FAIRBANKS INTERNATIONAL AIRPORT, AK US",64.80309,-147.87606,131.1,2006-01,5.6,-30.1
USW00026411,"FAIRBANKS INTERNATIONAL AIRPORT, AK US",64.80309,-147.87606,131.1,2006-02,19.5,-14.7
USW00026411,"FAIRBANKS INTERNATIONAL AIRPORT, AK US",64.80309,-147.87606,131.1,2006-03,5.8,-16.1
USW00026411,"FAIRBANKS INTERNATIONAL AIRPORT, AK US",64.80309,-147.87606,131.1,2006-04,10.3,-1.4
USW00026411,"FAIRBANKS INTERNATIONAL AIRPORT, AK US",64.80309,-147.87606,131.1,2006-05,4.7,9.8
USW00026411,"FAIRBANKS INTERNATIONAL AIRPORT, AK US",64.80309,-147.87606,131.1,2006-06,18.2,14.5
USW00026411,"FAIRBANKS INTERNATIONAL AIRPORT, AK US",64.80309,-147.87606,131.1,2006-07,57.1,16.3
USW00026411,"FAIRBANKS INTERNATIONAL AIRPORT, AK US",64.80309,-147.87606,131.1,2006-08,55.1,12.4
USW00026411,"FAIRBANKS INTERNATIONAL AIRPORT, AK US",64.80309,-147.87606,131.1,2006-09,14.3,9.7
USW00026411,"FAIRBANKS INTERNATIONAL AIRPORT, AK US",64.80309,-147.87606,131.1,2006-10,14.5,-0.2
USW00026411,"FAIRBANKS INTERNATIONAL AIRPORT, AK US",64.80309,-147.87606,131.1,2006-11,2.3,-23.3
USW00026411,"FAIRBANKS INTERNATIONAL AIRPORT, AK US",64.80309,-147.87606,131.1,2006-12,12.2,-18.9
USW00026411,"FAIRBANKS INTERNATIONAL AIRPORT, AK US",64.80309,-147.87606,131.1,2007-01,13,-21.5
USW00026411,"FAIRBANKS INTERNATIONAL AIRPORT, AK US",64.80309,-147.87606,131.1,2007-02,3.1,-21.5
USW00026411,"FAIRBANKS INTERNATIONAL AIRPORT, AK US",64.80309,-147.87606,131.1,2007-03,5.2,-21.4
USW00026411,"FAIRBANKS INTERNATIONAL AIRPORT, AK US",64.80309,-147.87606,131.1,2007-04,2.5,3.1
USW00026411,"FAIRBANKS INTERNATIONAL AIRPORT, AK US",64.80309,-147.87606,131.1,2007-05,21.9,10.6
USW00026411,"FAIRBANKS INTERNATIONAL AIRPORT, AK US",64.80309,-147.87606,131.1,2007-06,47.8,16.4
USW00026411,"FAIRBANKS INTERNATIONAL AIRPORT, AK US",64.80309,-147.87606,131.1,2007-07,93.3,18
USW00026411,"FAIRBANKS INTERNATIONAL AIRPORT, AK US",64.80309,-147.87606,131.1,2007-08,38.8,15.8
USW00026411,"FAIRBANKS INTERNATIONAL AIRPORT, AK US",64.80309,-147.87606,131.1,2007-09,40.4,8.4
USW00026411,"FAIRBANKS INTERNATIONAL AIRPORT, AK US",64.80309,-147.87606,131.1,2007-10,12.9,-6
USW00026411,"FAIRBANKS INTERNATIONAL AIRPORT, AK US",64.80309,-147.87606,131.1,2007-11,2.8,-11.4
USW00026411,"FAIRBANKS INTERNATIONAL AIRPORT, AK US",64.80309,-147.87606,131.1,2007-12,8,-19.6
USW00026411,"FAIRBANKS INTERNATIONAL AIRPORT, AK US",64.80309,-147.87606,131.1,2008-01,23.7,-22.9
USW00026411,"FAIRBANKS INTERNATIONAL AIRPORT, AK US",64.80309,-147.87606,131.1,2008-02,4.6,-21.1
USW00026411,"FAIRBANKS INTERNATIONAL AIRPORT, AK US",64.80309,-147.87606,131.1,2008-03,2.5,-9.2
USW00026411,"FAIRBANKS INTERNATIONAL AIRPORT, AK US",64.80309,-147.87606,131.1,2008-04,32.2,-1.4
USW00026411,"FAIRBANKS INTERNATIONAL AIRPORT, AK US",64.80309,-147.87606,131.1,2008-05,13,9.9
USW00026411,"FAIRBANKS INTERNATIONAL AIRPORT, AK US",64.80309,-147.87606,131.1,2008-06,52.8,15.7
USW00026411,"FAIRBANKS INTERNATIONAL AIRPORT, AK US",64.80309,-147.87606,131.1,2008-07,104.8,15.9
USW00026411,"FAIRBANKS INTERNATIONAL AIRPORT, AK US",64.80309,-147.87606,131.1,2008-08,67.6,12.8
USW00026411,"FAIRBANKS INTERNATIONAL AIRPORT, AK US",64.80309,-147.87606,131.1,2008-09,16.4,8.1
USW00026411,"FAIRBANKS INTERNATIONAL AIRPORT, AK US",64.80309,-147.87606,131.1,2008-10,19.6,-9.4
USW00026411,"FAIRBANKS INTERNATIONAL AIRPORT, AK US",64.80309,-147.87606,131.1,2008-11,7.4,-18.6
USW00026411,"FAIRBANKS INTERNATIONAL AIRPORT, AK US",64.80309,-147.87606,131.1,2008-12,12.7,-22.1
USW00026411,"FAIRBANKS INTERNATIONAL AIRPORT, AK US",64.80309,-147.87606,131.1,2009-01,13.3,-24.4
USW00026411,"FAIRBANKS INTERNATIONAL AIRPORT, AK US",64.80309,-147.87606,131.1,2009-02,15.1,-18.6
USW00026411,"FAIRBANKS INTERNATIONAL AIRPORT, AK US",64.80309,-147.87606,131.1,2009-03,27.9,-14.7
USW00026411,"FAIRBANKS INTERNATIONAL AIRPORT, AK US",64.80309,-147.87606,131.1,2009-04,2.3,-0.4
USW00026411,"FAIRBANKS INTERNATIONAL AIRPORT, AK US",64.80309,-147.87606,131.1,2009-05,1.3,10.9
USW00026411,"FAIRBANKS INTERNATIONAL AIRPORT, AK US",64.80309,-147.87606,131.1,2009-06,39.4,15.7
USW00026411,"FAIRBANKS INTERNATIONAL AIRPORT, AK US",64.80309,-147.87606,131.1,2009-07,1.5,19.1
USW00026411,"FAIRBANKS INTERNATIONAL AIRPORT, AK US",64.80309,-147.87606,131.1,2009-08,69.3,12.5
USW00026411,"FAIRBANKS INTERNATIONAL AIRPORT, AK US",64.80309,-147.87606,131.1,2009-09,13.6,9.2
USW00026411,"FAIRBANKS INTERNATIONAL AIRPORT, AK US",64.80309,-147.87606,131.1,2009-10,12.7,-0.7
USW00026411,"FAIRBANKS INTERNATIONAL AIRPORT, AK US",64.80309,-147.87606,131.1,2009-11,8,-18.5
USW00026411,"FAIRBANKS INTERNATIONAL AIRPORT, AK US",64.80309,-147.87606,131.1,2009-12,9.2,-19.4
USW00026411,"FAIRBANKS INTERNATIONAL AIRPORT, AK US",64.80309,-147.87606,131.1,2010-01,0.8,-25.4
USW00026411,"FAIRBANKS INTERNATIONAL AIRPORT, AK US",64.80309,-147.87606,131.1,2010-02,3.8,-16.2
USW00026411,"FAIRBANKS INTERNATIONAL AIRPORT, AK US",64.80309,-147.87606,131.1,2010-03,2.3,-11.8
USW00026411,"FAIRBANKS INTERNATIONAL AIRPORT, AK US",64.80309,-147.87606,131.1,2010-04,7.4,4.1
USW00026411,"FAIRBANKS INTERNATIONAL AIRPORT, AK US",64.80309,-147.87606,131.1,2010-05,6.2,12.2
USW00026411,"FAIRBANKS INTERNATIONAL AIRPORT, AK US",64.80309,-147.87606,131.1,2010-06,34.8,15.4
USW00026411,"FAIRBANKS INTERNATIONAL AIRPORT, AK US",64.80309,-147.87606,131.1,2010-07,79,17
USW00026411,"FAIRBANKS INTERNATIONAL AIRPORT, AK US",64.80309,-147.87606,131.1,2010-08,37.3,15.5
USW00026411,"FAIRBANKS INTERNATIONAL AIRPORT, AK US",64.80309,-147.87606,131.1,2010-09,30.2,8.4
USW00026411,"FAIRBANKS INTERNATIONAL AIRPORT, AK US",64.80309,-147.87606,131.1,2010-10,11.6,-2.5
USW00026411,"FAIRBANKS INTERNATIONAL AIRPORT, AK US",64.80309,-147.87606,131.1,2010-11,43.4,-11.2
USW00026411,"FAIRBANKS INTERNATIONAL AIRPORT, AK US",64.80309,-147.87606,131.1,2010-12,5.9,-27.7
USW00026411,"FAIRBANKS INTERNATIONAL AIRPORT, AK US",64.80309,-147.87606,131.1,2011-01,4.8,-21.1
USW00026411,"FAIRBANKS INTERNATIONAL AIRPORT, AK US",64.80309,-147.87606,131.1,2011-02,41.3,-21.4
USW00026411,"FAIRBANKS INTERNATIONAL AIRPORT, AK US",64.80309,-147.87606,131.1,2011-03,3.9,-13.7
USW00026411,"FAIRBANKS INTERNATIONAL AIRPORT, AK US",64.80309,-147.87606,131.1,2011-04,1.8,-0.1
USW00026411,"FAIRBANKS INTERNATIONAL AIRPORT, AK US",64.80309,-147.87606,131.1,2011-05,1.1,11.3
USW00026411,"FAIRBANKS INTERNATIONAL AIRPORT, AK US",64.80309,-147.87606,131.1,2011-06,45,15.8
USW00026411,"FAIRBANKS INTERNATIONAL AIRPORT, AK US",64.80309,-147.87606,131.1,2011-07,43.5,16.5
USW00026411,"FAIRBANKS INTERNATIONAL AIRPORT, AK US",64.80309,-147.87606,131.1,2011-08,40.8,14
USW00026411,"FAIRBANKS INTERNATIONAL AIRPORT, AK US",64.80309,-147.87606,131.1,2011-09,16.6,9.4
USW00026411,"FAIRBANKS INTERNATIONAL AIRPORT, AK US",64.80309,-147.87606,131.1,2011-10,8.2,-1.7
USW00026411,"FAIRBANKS INTERNATIONAL AIRPORT, AK US",64.80309,-147.87606,131.1,2011-11,11.9,-22.3
USW00026411,"FAIRBANKS INTERNATIONAL AIRPORT, AK US",64.80309,-147.87606,131.1,2011-12,24.4,-15.6
USW00026411,"FAIRBANKS INTERNATIONAL AIRPORT, AK US",64.80309,-147.87606,131.1,2012-01,18,-32.7
USW00026411,"FAIRBANKS INTERNATIONAL AIRPORT, AK US",64.80309,-147.87606,131.1,2012-02,10.9,-14.5
USW00026411,"FAIRBANKS INTERNATIONAL AIRPORT, AK US",64.80309,-147.87606,131.1,2012-03,19,-15.3
USW00026411,"FAIRBANKS INTERNATIONAL AIRPORT, AK US",64.80309,-147.87606,131.1,2012-04,1.8,2.7
USW00026411,"FAIRBANKS INTERNATIONAL AIRPORT, AK US",64.80309,-147.87606,131.1,2012-05,18.6,8.8
USW00026411,"FAIRBANKS INTERNATIONAL AIRPORT, AK US",64.80309,-147.87606,131.1,2012-06,35.4,16.4
USW00026411,"FAIRBANKS INTERNATIONAL AIRPORT, AK US",64.80309,-147.87606,131.1,2012-07,43.7,16
USW00026411,"FAIRBANKS INTERNATIONAL AIRPORT, AK US",64.80309,-147.87606,131.1,2012-08,36.8,13.5
USW00026411,"FAIRBANKS INTERNATIONAL AIRPORT, AK US",64.80309,-147.87606,131.1,2012-09,14.1,7.5
USW00026411,"FAIRBANKS INTERNATIONAL AIRPORT, AK US",64.80309,-147.87606,131.1,2012-10,35.2,-5.3
USW00026411,"FAIRBANKS INTERNATIONAL AIRPORT, AK US",64.80309,-147.87606,131.1,2012-11,7.4,-22.6
USW00026411,"FAIRBANKS INTERNATIONAL AIRPORT, AK US",64.80309,-147.87606,131.1,2012-12,30.3,-27.4
USW00026411,"FAIRBANKS INTERNATIONAL AIRPORT, AK US",64.80309,-147.87606,131.1,2013-01,20.2,-19.2
USW00026411,"FAIRBANKS INTERNATIONAL AIRPORT, AK US",64.80309,-147.87606,131.1,2013-02,12.4,-18.6
USW00026411,"FAIRBANKS INTERNATIONAL AIRPORT, AK US",64.80309,-147.87606,131.1,2013-03,6.6,-13.8
USW00026411,"FAIRBANKS INTERNATIONAL AIRPORT, AK US",64.80309,-147.87606,131.1,2013-04,16.8,-7.7
USW00026411,"FAIRBANKS INTERNATIONAL AIRPORT, AK US",64.80309,-147.87606,131.1,2013-05,3.8,6.9
USW00026411,"FAIRBANKS INTERNATIONAL AIRPORT, AK US",64.80309,-147.87606,131.1,2013-06,10.9,19.3
USW00026411,"FAIRBANKS INTERNATIONAL AIRPORT, AK US",64.80309,-147.87606,131.1,2013-07,25.7,17.9
USW00026411,"FAIRBANKS INTERNATIONAL AIRPORT, AK US",64.80309,-147.87606,131.1,2013-08,51.6,15.2
USW00026411,"FAIRBANKS INTERNATIONAL AIRPORT, AK US",64.80309,-147.87606,131.1,2013-09,44.4,6.6
USW00026411,"FAIRBANKS INTERNATIONAL AIRPORT, AK US",64.80309,-147.87606,131.1,2013-10,15.3,2.3
USW00026411,"FAIRBANKS INTERNATIONAL AIRPORT, AK US",64.80309,-147.87606,131.1,2013-11,44.1,-14.3
USW00026411,"FAIRBANKS INTERNATIONAL AIRPORT, AK US",64.80309,-147.87606,131.1,2013-12,20,-20.2
USW00026411,"FAIRBANKS INTERNATIONAL AIRPORT, AK US",64.80309,-147.87606,131.1,2014-01,5.9,-13.5
USW00026411,"FAIRBANKS INTERNATIONAL AIRPORT, AK US",64.80309,-147.87606,131.1,2014-02,10.2,-20.1
USW00026411,"FAIRBANKS INTERNATIONAL AIRPORT, AK US",64.80309,-147.87606,131.1,2014-03,5.4,-10
USW00026411,"FAIRBANKS INTERNATIONAL AIRPORT, AK US",64.80309,-147.87606,131.1,2014-04,5,1.1
USW00026411,"FAIRBANKS INTERNATIONAL AIRPORT, AK US",64.80309,-147.87606,131.1,2014-05,1.6,10.7
USW00026411,"FAIRBANKS INTERNATIONAL AIRPORT, AK US",64.80309,-147.87606,131.1,2014-06,90.6,14.7
USW00026411,"FAIRBANKS INTERNATIONAL AIRPORT, AK US",64.80309,-147.87606,131.1,2014-07,146.9,16.1
USW00026411,"FAIRBANKS INTERNATIONAL AIRPORT, AK US",64.80309,-147.87606,131.1,2014-08,58.1,15.1
USW00026411,"FAIRBANKS INTERNATIONAL AIRPORT, AK US",64.80309,-147.87606,131.1,2014-09,73.4,8
USW00026411,"FAIRBANKS INTERNATIONAL AIRPORT, AK US",64.80309,-147.87606,131.1,2014-10,11.3,-3.7
USW00026411,"FAIRBANKS INTERNATIONAL AIRPORT, AK US",64.80309,-147.87606,131.1,2014-11,4.6,-11.7
USW00026411,"FAIRBANKS INTERNATIONAL AIRPORT, AK US",64.80309,-147.87606,131.1,2014-12,23.7,-13.2
USW00026411,"FAIRBANKS INTERNATIONAL AIRPORT, AK US",64.80309,-147.87606,131.1,2015-01,3.9,-21.3
USW00026411,"FAIRBANKS INTERNATIONAL AIRPORT, AK US",64.80309,-147.87606,131.1,2015-02,12.1,-17.1
USW00026411,"FAIRBANKS INTERNATIONAL AIRPORT, AK US",64.80309,-147.87606,131.1,2015-03,12.6,-9.1
USW00026411,"FAIRBANKS INTERNATIONAL AIRPORT, AK US",64.80309,-147.87606,131.1,2015-04,4.1,2.7
USW00026411,"FAIRBANKS INTERNATIONAL AIRPORT, AK US",64.80309,-147.87606,131.1,2015-05,7.4,12.9
USW00026411,"FAIRBANKS INTERNATIONAL AIRPORT, AK US",64.80309,-147.87606,131.1,2015-06,26.3,15.4
USW00026411,"FAIRBANKS INTERNATIONAL AIRPORT, AK US",64.80309,-147.87606,131.1,2015-07,70.7,16.8
USW00026411,"FAIRBANKS INTERNATIONAL AIRPORT, AK US",64.80309,-147.87606,131.1,2015-08,65.7,12.5
USW00026411,"FAIRBANKS INTERNATIONAL AIRPORT, AK US",64.80309,-147.87606,131.1,2015-09,95.1,5.8
USW00026411,"FAIRBANKS INTERNATIONAL AIRPORT, AK US",64.80309,-147.87606,131.1,2015-10,21.2,-0.1
USW00026411,"FAIRBANKS INTERNATIONAL AIRPORT, AK US",64.80309,-147.87606,131.1,2015-11,45.4,-12.6
USW00026411,"FAIRBANKS INTERNATIONAL AIRPORT, AK US",64.80309,-147.87606,131.1,2015-12,1.9,-18.9
USW00026411,"FAIRBANKS INTERNATIONAL AIRPORT, AK US",64.80309,-147.87606,131.1,2016-01,0.3,-15.7
USW00026411,"FAIRBANKS INTERNATIONAL AIRPORT, AK US",64.80309,-147.87606,131.1,2016-02,1.3,-13.3
USW00026411,"FAIRBANKS INTERNATIONAL AIRPORT, AK US",64.80309,-147.87606,131.1,2016-03,13.5,-6.7
USW00026411,"FAIRBANKS INTERNATIONAL AIRPORT, AK US",64.80309,-147.87606,131.1,2016-04,13.1,5.8
USW00026411,"FAIRBANKS INTERNATIONAL AIRPORT, AK US",64.80309,-147.87606,131.1,2016-05,19.9,11.9
USW00026411,"FAIRBANKS INTERNATIONAL AIRPORT, AK US",64.80309,-147.87606,131.1,2016-06,83.6,15.5
USW00026411,"FAIRBANKS INTERNATIONAL AIRPORT, AK US",64.80309,-147.87606,131.1,2016-07,126.5,17.4
USW00026411,"FAIRBANKS INTERNATIONAL AIRPORT, AK US",64.80309,-147.87606,131.1,2016-08,39.6,16.2
USW00026411,"FAIRBANKS INTERNATIONAL AIRPORT, AK US",64.80309,-147.87606,131.1,2016-09,52.9,7.9
USW00026411,"FAIRBANKS INTERNATIONAL AIRPORT, AK US",64.80309,-147.87606,131.1,2016-10,0.5,-2.9
USW00026411,"FAIRBANKS INTERNATIONAL AIRPORT, AK US",64.80309,-147.87606,131.1,2016-11,7.6,-15.6
USW00026411,"FAIRBANKS INTERNATIONAL AIRPORT, AK US",64.80309,-147.87606,131.1,2016-12,50.8,-22.3
USW00026411,"FAIRBANKS INTERNATIONAL AIRPORT, AK US",64.80309,-147.87606,131.1,2017-01,24.4,-22.9
USW00026411,"FAIRBANKS INTERNATIONAL AIRPORT, AK US",64.80309,-147.87606,131.1,2017-02,31.4,-17.3
USW00026411,"FAIRBANKS INTERNATIONAL AIRPORT, AK US",64.80309,-147.87606,131.1,2017-03,4.3,-19.3
USW00026411,"FAIRBANKS INTERNATIONAL AIRPORT, AK US",64.80309,-147.87606,131.1,2017-04,2.3,2.3
USW00026411,"FAIRBANKS INTERNATIONAL AIRPORT, AK US",64.80309,-147.87606,131.1,2017-05,15.1,9.9
USW00026411,"FAIRBANKS INTERNATIONAL AIRPORT, AK US",64.80309,-147.87606,131.1,2017-06,43.9,17.1
USW00026411,"FAIRBANKS INTERNATIONAL AIRPORT, AK US",64.80309,-147.87606,131.1,2017-07,49.2,18.7
USW00026411,"FAIRBANKS INTERNATIONAL AIRPORT, AK US",64.80309,-147.87606,131.1,2017-08,54.6,14.9
USW00026411,"FAIRBANKS INTERNATIONAL AIRPORT, AK US",64.80309,-147.87606,131.1,2017-09,36.3,8.9
USW00026411,"FAIRBANKS INTERNATIONAL AIRPORT, AK US",64.80309,-147.87606,131.1,2017-10,62.1,-0.4
USW00026411,"FAIRBANKS INTERNATIONAL AIRPORT, AK US",64.80309,-147.87606,131.1,2017-11,34.6,-15
USW00026411,"FAIRBANKS INTERNATIONAL AIRPORT, AK US",64.80309,-147.87606,131.1,2017-12,9.8,-12.7
USW00026411,"FAIRBANKS INTERNATIONAL AIRPORT, AK US",64.80309,-147.87606,131.1,2018-01,28,-21
USW00026411,"FAIRBANKS INTERNATIONAL AIRPORT, AK US",64.80309,-147.87606,131.1,2018-02,39.7,-16.2
USW00026411,"FAIRBANKS INTERNATIONAL AIRPORT, AK US",64.80309,-147.87606,131.1,2018-03,14.7,-9
USW00026411,"FAIRBANKS INTERNATIONAL AIRPORT, AK US",64.80309,-147.87606,131.1,2018-04,3.8,-0.3
USW00026411,"FAIRBANKS INTERNATIONAL AIRPORT, AK US",64.80309,-147.87606,131.1,2018-05,29.3,9.8
USW00026411,"FAIRBANKS INTERNATIONAL AIRPORT, AK US",64.80309,-147.87606,131.1,2018-06,14.6,14.9
USW00026411,"FAIRBANKS INTERNATIONAL AIRPORT, AK US",64.80309,-147.87606,131.1,2018-07,25.8,17.7
USW00026411,"FAIRBANKS INTERNATIONAL AIRPORT, AK US",64.80309,-147.87606,131.1,2018-08,105.3,13
USW00026411,"FAIRBANKS INTERNATIONAL AIRPORT, AK US",64.80309,-147.87606,131.1,2018-09,47.3,9
USW00026411,"FAIRBANKS INTERNATIONAL AIRPORT, AK US",64.80309,-147.87606,131.1,2018-10,13.2,1.5
USW00026411,"FAIRBANKS INTERNATIONAL AIRPORT, AK US",64.80309,-147.87606,131.1,2018-11,17.3,-11.2
USW00026411,"FAIRBANKS INTERNATIONAL AIRPORT, AK US",64.80309,-147.87606,131.1,2018-12,10.6,-17.6
USW00026411,"FAIRBANKS INTERNATIONAL AIRPORT, AK US",64.80309,-147.87606,131.1,2019-01,16.6,-21.5
USW00026411,"FAIRBANKS INTERNATIONAL AIRPORT, AK US",64.80309,-147.87606,131.1,2019-02,20.3,-14.6
USW00026411,"FAIRBANKS INTERNATIONAL AIRPORT, AK US",64.80309,-147.87606,131.1,2019-03,11.5,-2.4
USW00026411,"FAIRBANKS INTERNATIONAL AIRPORT, AK US",64.80309,-147.87606,131.1,2019-04,15,2.8
USW00026411,"FAIRBANKS INTERNATIONAL AIRPORT, AK US",64.80309,-147.87606,131.1,2019-05,25.8,12.1
USW00026411,"FAIRBANKS INTERNATIONAL AIRPORT, AK US",64.80309,-147.87606,131.1,2019-06,38.4,17.5
USW00026411,"FAIRBANKS INTERNATIONAL AIRPORT, AK US",64.80309,-147.87606,131.1,2019-07,22.8,18.9
USW00026411,"FAIRBANKS INTERNATIONAL AIRPORT, AK US",64.80309,-147.87606,131.1,2019-08,141.9,13.1
USW00026411,"FAIRBANKS INTERNATIONAL AIRPORT, AK US",64.80309,-147.87606,131.1,2019-09,26.5,9.1
USW00026411,"FAIRBANKS INTERNATIONAL AIRPORT, AK US",64.80309,-147.87606,131.1,2019-10,42.7,-0.1
USW00026411,"FAIRBANKS INTERNATIONAL AIRPORT, AK US",64.80309,-147.87606,131.1,2019-11,46.5,-10.4
USW00026411,"FAIRBANKS INTERNATIONAL AIRPORT, AK US",64.80309,-147.87606,131.1,2019-12,9.6,-20.7
USW00026411,"FAIRBANKS INTERNATIONAL AIRPORT, AK US",64.80309,-147.87606,131.1,2020-01,10.8,-29.6
USW00026411,"FAIRBANKS INTERNATIONAL AIRPORT, AK US",64.80309,-147.87606,131.1,2020-02,12.7,-21
USW00026411,"FAIRBANKS INTERNATIONAL AIRPORT, AK US",64.80309,-147.87606,131.1,2020-03,40.5,-12.8
USW00026411,"FAIRBANKS INTERNATIONAL AIRPORT, AK US",64.80309,-147.87606,131.1,2020-04,32.2,-0.8
USW00026411,"FAIRBANKS INTERNATIONAL AIRPORT, AK US",64.80309,-147.87606,131.1,2020-05,12.5,11.8
USW00026411,"FAIRBANKS INTERNATIONAL AIRPORT, AK US",64.80309,-147.87606,131.1,2020-06,78.5,15.4
USW00026411,"FAIRBANKS INTERNATIONAL AIRPORT, AK US",64.80309,-147.87606,131.1,2020-07,58.8,16.1
USW00026411,"FAIRBANKS INTERNATIONAL AIRPORT, AK US",64.80309,-147.87606,131.1,2020-08,54,15.4
USW00026411,"FAIRBANKS INTERNATIONAL AIRPORT, AK US",64.80309,-147.87606,131.1,2020-09,30.8,8.7
USW00026411,"FAIRBANKS INTERNATIONAL AIRPORT, AK US",64.80309,-147.87606,131.1,2020-10,17.9,-2.5
USW00026411,"FAIRBANKS INTERNATIONAL AIRPORT, AK US",64.80309,-147.87606,131.1,2020-11,35.3,-16.6
USW00026411,"FAIRBANKS INTERNATIONAL AIRPORT, AK US",64.80309,-147.87606,131.1,2020-12,5.6,-17.6
USW00026411,"FAIRBANKS INTERNATIONAL AIRPORT, AK US",64.80309,-147.87606,131.1,2021-01,1,-18.5
USW00026411,"FAIRBANKS INTERNATIONAL AIRPORT, AK US",64.80309,-147.87606,131.1,2021-02,34.9,-22.8
USW00026411,"FAIRBANKS INTERNATIONAL AIRPORT, AK US",64.80309,-147.87606,131.1,2021-03,22.8,-14.4
USW00026411,"FAIRBANKS INTERNATIONAL AIRPORT, AK US",64.80309,-147.87606,131.1,2021-04,34.2,-2.9
USW00026411,"FAIRBANKS INTERNATIONAL AIRPORT, AK US",64.80309,-147.87606,131.1,2021-05,9.3,11
USW00026411,"FAIRBANKS INTERNATIONAL AIRPORT, AK US",64.80309,-147.87606,131.1,2021-06,26.9,17.3
USW00026411,"FAIRBANKS INTERNATIONAL AIRPORT, AK US",64.80309,-147.87606,131.1,2021-07,55.3,18.2
USW00026411,"FAIRBANKS INTERNATIONAL AIRPORT, AK US",64.80309,-147.87606,131.1,2021-08,93.3,13.8
USW00026411,"FAIRBANKS INTERNATIONAL AIRPORT, AK US",64.80309,-147.87606,131.1,2021-09,9.5,6.7
USW00026411,"FAIRBANKS INTERNATIONAL AIRPORT, AK US",64.80309,-147.87606,131.1,2021-10,33.3,-0.6
USW00026411,"FAIRBANKS INTERNATIONAL AIRPORT, AK US",64.80309,-147.87606,131.1,2021-11,10.6,-17.3
USW00026411,"FAIRBANKS INTERNATIONAL AIRPORT, AK US",64.80309,-147.87606,131.1,2021-12,145.7,-16.9
USW00026411,"FAIRBANKS INTERNATIONAL AIRPORT, AK US",64.80309,-147.87606,131.1,2022-01,5.1,-21.9
